,,,,,Batting,,,,Batting Ratios,,,Batted Ball,,,,,,,,,Win Probability,,,Baserunning,,
Rk,Name,Age,Tm,PA,rOBA,Rbat+,BAbip,ISO,HR%,SO%,BB%,EV,HardH%,LD%,GB%,FB%,GB/FB,Pull%,Cent%,Oppo%,WPA,cWPA,RE24,RS%,SB%,XBT%
1,CJ Abrams,23,WSN,115,0.431,181,0.311,0.337,6.10%,17.40%,9.60%,88,37.80%,32.90%,29.30%,23.20%,0.42,42.70%,47.60%,9.80%,0.8,0.40%,9.6,39%,75%,56%
2,José Abreu,37,HOU,77,0.131,-30,0.13,0.014,0.00%,23.40%,3.90%,87.5,28.30%,14.80%,50.00%,29.60%,1,11.10%,61.10%,27.80%,-1.3,-0.60%,-13.8,50%,,17%
3,Wilyer Abreu,25,BOS,82,0.399,147,0.373,0.181,2.40%,24.40%,11.00%,90.6,43.40%,17.00%,43.40%,32.10%,0.77,41.50%,32.10%,26.40%,0.1,0.00%,4.3,39%,100%,33%
4,Ronald Acuña Jr.,26,ATL,127,0.377,121,0.361,0.075,0.80%,26.00%,14.20%,91.1,48.60%,24.70%,54.80%,15.10%,1.21,34.20%,47.90%,17.80%,0.4,0.30%,4.1,55%,93%,63%
5,Willy Adames,28,MIL,125,0.363,128,0.329,0.148,2.40%,20.80%,12.80%,88.8,42.70%,20.70%,36.60%,34.10%,0.58,34.10%,48.80%,17.10%,0.1,0.00%,3.9,28%,80%,50%
6,Riley Adams,28,WSN,59,0.325,107,0.286,0.192,3.40%,28.80%,8.50%,89.7,40.50%,21.60%,45.90%,21.60%,0.85,29.70%,64.90%,5.40%,0,0.00%,-3.5,13%,,33%
7,Jo Adell,25,LAA,59,0.406,174,0.361,0.302,6.80%,23.70%,5.10%,88.7,52.50%,40.00%,35.00%,15.00%,0.54,15.00%,65.00%,20.00%,0,0.00%,2.9,39%,56%,20%
8,Ehire Adrianza,34,LAA,12,0.266,63,0.375,0,0.00%,25.00%,8.30%,88.1,37.50%,12.50%,50.00%,37.50%,1,0.00%,62.50%,37.50%,0.2,0.00%,0.7,50%,,0%
9,Nick Ahmed,34,SFG,89,0.29,87,0.324,0.06,0.00%,18.00%,3.40%,83.3,30.40%,17.40%,52.20%,18.80%,1.2,20.30%,71.00%,8.70%,0,0.00%,-1,19%,0%,33%
10,Ozzie Albies,27,ATL,88,0.413,156,0.375,0.188,2.30%,15.90%,5.70%,87.7,33.80%,22.70%,42.40%,31.80%,0.74,43.90%,48.50%,7.60%,0.5,0.30%,8.2,44%,100%,70%
11,Blaze Alexander,25,ARI,69,0.427,176,0.381,0.233,4.40%,21.70%,13.00%,88.2,42.20%,15.60%,46.70%,33.30%,0.91,15.60%,46.70%,37.80%,0.2,0.10%,5.4,36%,50%,50%
12,Nick Allen,25,OAK,77,0.226,43,0.22,0.071,1.30%,24.70%,6.50%,81.4,17.00%,20.80%,52.80%,11.30%,1.27,17.00%,56.60%,26.40%,-0.5,-0.20%,-6.6,13%,,17%
13,Pete Alonso,29,NYM,123,0.361,130,0.234,0.25,6.50%,18.70%,10.60%,86.9,31.00%,18.80%,41.20%,30.60%,0.7,24.70%,48.20%,27.10%,0.2,0.10%,2,36%,100%,58%
14,Jose Altuve,34,HOU,128,0.439,190,0.36,0.254,5.50%,14.10%,10.20%,87.5,37.20%,24.00%,36.50%,32.30%,0.6,44.80%,46.90%,8.30%,0.2,0.10%,2.3,30%,80%,36%
15,Francisco Alvarez,22,NYM,59,0.312,94,0.3,0.127,1.70%,23.70%,6.80%,87.8,35.90%,22.00%,58.50%,14.60%,1.41,22.00%,53.70%,24.40%,-0.6,-0.30%,-1.8,44%,100%,36%
16,Yordan Alvarez,27,HOU,124,0.369,142,0.261,0.22,5.70%,12.90%,8.90%,93.3,49.50%,17.90%,35.80%,41.10%,0.56,26.30%,54.70%,18.90%,0.4,0.20%,5.5,31%,,33%
17,Miguel Amaya,25,CHC,63,0.306,86,0.275,0.125,1.60%,25.40%,6.40%,88.8,41.50%,19.00%,50.00%,26.20%,1.05,28.60%,52.40%,19.00%,-0.3,-0.20%,-2.1,31%,,67%
18,Tim Anderson,31,MIA,101,0.237,36,0.333,0.032,0.00%,31.70%,5.90%,87.6,33.30%,20.60%,65.10%,14.30%,1.86,36.50%,39.70%,23.80%,-1,-0.30%,-9.7,26%,75%,60%
19,Orlando Arcia,29,ATL,108,0.326,100,0.321,0.149,1.90%,15.70%,3.70%,89.5,41.90%,18.60%,53.50%,16.30%,1.15,37.20%,50.00%,12.80%,-0.1,-0.10%,-2,31%,,43%
20,Nolan Arenado,33,STL,119,0.302,89,0.304,0.084,0.80%,13.50%,6.70%,85.2,28.00%,25.80%,41.90%,22.60%,0.72,40.90%,41.90%,17.20%,-0.3,-0.20%,0.4,26%,0%,27%
21,Gabriel Arias,24,CLE,60,0.338,112,0.333,0.138,1.70%,25.00%,1.70%,89,34.90%,27.90%,44.20%,20.90%,0.79,20.90%,60.50%,18.60%,0.2,0.20%,-0.6,44%,100%,50%
22,Randy Arozarena,29,TBR,119,0.228,35,0.183,0.102,2.50%,28.60%,9.20%,90.3,36.50%,23.00%,44.60%,18.90%,0.8,23.00%,52.70%,24.30%,-1.1,-0.60%,-10.4,38%,100%,13%
23,Luis Arráez,27,MIA,133,0.339,109,0.333,0.066,0.00%,8.30%,6.00%,85.8,19.60%,26.80%,47.30%,23.20%,0.91,29.50%,46.40%,24.10%,-0.3,-0.20%,-2.4,38%,,44%
24,José Azocar,28,SDP,41,0.307,104,0.423,0.026,0.00%,29.30%,4.90%,90.8,40.70%,29.60%,44.40%,22.20%,0.86,14.80%,55.60%,29.60%,-0.1,-0.10%,-1.8,62%,0%,75%
25,Harrison Bader,30,NYM,86,0.292,78,0.328,0.06,1.20%,20.90%,2.30%,88.6,36.90%,29.20%,44.60%,20.00%,0.81,27.70%,56.90%,15.40%,-0.3,-0.20%,-7.4,38%,83%,60%
26,Javier Báez,31,DET,90,0.244,36,0.238,0.084,1.10%,23.30%,4.40%,87.7,40.60%,26.60%,40.60%,28.10%,0.68,28.10%,59.40%,12.50%,-0.3,-0.20%,-4,25%,100%,50%
27,Patrick Bailey,25,SFG,82,0.375,141,0.346,0.197,3.70%,22.00%,9.80%,92.8,50.00%,39.30%,32.10%,25.00%,0.49,33.90%,44.60%,21.40%,0.1,0.10%,3.3,15%,100%,67%
28,David Bañuelos,27,BAL,1,0,-122,0,0,0.00%,0.00%,0.00%,87.3,0.00%,0.00%,0.00%,100.00%,0,0.00%,0.00%,100.00%,0,0.00%,-0.1,,,
29,Addison Barger,24,TOR,15,0.06,-81,0.091,0,0.00%,26.70%,0.00%,86.3,27.30%,9.10%,54.50%,27.30%,1.2,36.40%,45.50%,18.20%,-0.3,-0.20%,-3.2,100%,,100%
30,Austin Barnes,34,LAD,26,0.312,91,0.333,0,0.00%,23.10%,19.20%,87.9,40.00%,40.00%,26.70%,26.70%,0.36,20.00%,66.70%,13.30%,0,0.00%,0.1,10%,,25%
31,Tucker Barnhart,33,ARI,29,0.261,50,0.294,0.04,0.00%,27.60%,10.30%,75.9,22.20%,16.70%,72.20%,5.60%,3.25,27.80%,61.10%,11.10%,-0.3,-0.10%,-2.7,38%,100%,100%
32,Jorge Barrosa,23,ARI,10,0.219,28,0.222,0.1,0.00%,10.00%,0.00%,80.1,33.30%,22.20%,44.40%,11.10%,1,11.10%,77.80%,11.10%,-0.2,-0.10%,-2.1,50%,,
33,Joey Bart,27,PIT,35,0.413,165,0.25,0.345,8.60%,28.60%,17.10%,88.7,52.60%,10.50%,57.90%,26.30%,1.38,21.10%,63.20%,15.80%,-0.1,0.00%,1.6,10%,,100%
34,Matthew Batten,29,SDP,3,0.536,254,0.333,0.667,0.00%,0.00%,0.00%,85.6,33.30%,33.30%,66.70%,0.00%,2,0.00%,100.00%,0.00%,0.2,0.10%,0.6,0%,,
35,Brett Baty,24,NYM,91,0.3,89,0.303,0.06,1.10%,17.60%,7.70%,84.9,29.90%,17.90%,55.20%,22.40%,1.23,28.40%,52.20%,19.40%,-0.5,-0.30%,-2.4,29%,,55%
36,Jake Bauers,28,MIL,64,0.276,73,0.294,0.183,3.10%,37.50%,4.70%,91,41.70%,33.30%,22.20%,33.30%,0.29,38.90%,47.20%,13.90%,-0.2,-0.10%,0,43%,50%,33%
37,Josh Bell,31,MIA,127,0.275,64,0.188,0.107,2.40%,18.90%,9.50%,90,39.10%,13.60%,54.50%,27.30%,1.2,31.80%,51.10%,17.00%,-0.3,-0.10%,-4.7,40%,,18%
38,Cody Bellinger,28,CHC,97,0.325,99,0.215,0.214,5.20%,15.50%,11.30%,88.7,37.10%,20.00%,27.10%,47.10%,0.37,37.10%,44.30%,18.60%,0.5,0.30%,5.2,19%,,0%
39,Andrew Benintendi,29,CHW,106,0.227,40,0.244,0.078,1.90%,20.80%,3.80%,87.3,28.80%,18.80%,40.00%,36.30%,0.7,41.30%,46.30%,12.50%,-0.3,-0.30%,-5.8,17%,0%,50%
40,Will Benson,26,CIN,110,0.325,97,0.327,0.232,3.60%,39.10%,10.00%,89.2,48.20%,28.60%,33.90%,35.70%,0.51,42.90%,41.10%,16.10%,0,0.00%,-3.7,25%,71%,43%
41,Jon Berti,34,NYY,21,0.21,20,0.308,0,0.00%,28.60%,4.80%,73.5,21.40%,28.60%,35.70%,14.30%,0.63,28.60%,28.60%,42.90%,-0.1,-0.10%,-1.9,40%,,50%
42,Christian Bethancourt,32,MIA,31,0.052,-90,0.048,0,0.00%,29.00%,3.20%,89,47.60%,4.80%,52.40%,38.10%,1.1,9.50%,76.20%,14.30%,-0.8,-0.20%,-7.7,100%,,50%
43,Mookie Betts,31,LAD,146,0.499,212,0.392,0.262,4.10%,9.60%,16.40%,91.7,47.20%,38.00%,23.10%,32.40%,0.3,21.30%,62.00%,16.70%,1.5,1.00%,24.1,36%,100%,32%
44,Bo Bichette,26,TOR,114,0.262,63,0.241,0.095,0.90%,15.80%,6.10%,88,37.50%,18.20%,51.10%,25.00%,1.05,17.00%,51.10%,31.80%,-0.8,-0.50%,-6.8,28%,75%,50%
45,Cavan Biggio,29,TOR,85,0.322,106,0.349,0.1,1.20%,30.60%,10.60%,82.5,22.70%,22.70%,38.60%,20.50%,0.63,34.10%,50.00%,15.90%,-0.1,-0.10%,-0.4,21%,100%,50%
46,Charlie Blackmon,37,COL,91,0.288,64,0.261,0.131,1.10%,15.40%,7.70%,85.3,33.80%,20.00%,38.60%,28.60%,0.64,31.40%,48.60%,20.00%,-0.3,0.00%,0.7,36%,100%,36%
47,Dairon Blanco,31,KCR,25,0.316,80,0.294,0.091,0.00%,20.00%,8.00%,82.9,35.30%,29.40%,41.20%,17.60%,0.78,17.60%,64.70%,17.60%,0.2,0.10%,0,88%,83%,33%
48,JJ Bleday,26,OAK,108,0.289,89,0.289,0.121,0.90%,20.40%,8.30%,86.4,28.60%,23.40%,35.10%,28.60%,0.55,26.00%,54.50%,19.50%,-0.8,-0.40%,-7.3,13%,,33%
49,Xander Bogaerts,31,SDP,137,0.275,71,0.255,0.072,1.50%,18.30%,8.80%,85.1,25.00%,23.00%,51.00%,20.00%,1.04,34.00%,56.00%,10.00%,-0.1,-0.10%,0.3,41%,100%,43%
50,Alec Bohm,27,PHI,123,0.451,192,0.412,0.243,3.30%,15.50%,12.20%,89.9,41.60%,31.50%,40.40%,23.60%,0.68,21.30%,49.40%,29.20%,1.6,1.00%,17.7,22%,50%,56%
51,Sean Bouchard,28,COL,26,0.381,125,0.429,0.095,0.00%,26.90%,19.20%,90.3,38.50%,35.70%,35.70%,21.40%,0.56,42.90%,21.40%,35.70%,0,0.00%,1.1,18%,100%,0%
52,Alex Bregman,30,HOU,108,0.254,57,0.247,0.052,0.00%,12.00%,9.30%,87.5,35.40%,17.60%,43.50%,23.50%,0.77,21.20%,54.10%,24.70%,-1,-0.40%,-6.7,13%,100%,50%
53,Will Brennan,26,CLE,78,0.296,86,0.224,0.183,3.90%,14.10%,6.40%,88.7,49.20%,24.60%,44.30%,21.30%,0.82,41.00%,49.20%,9.80%,0.5,0.40%,0.4,42%,100%,29%
54,Jonah Bride,28,MIA,8,0.203,14,0.2,0,0.00%,25.00%,12.50%,80.8,20.00%,20.00%,40.00%,20.00%,0.67,40.00%,40.00%,20.00%,-0.4,-0.20%,-2.2,0%,,
55,Seth Brown,31,OAK,86,0.253,66,0.292,0.113,2.30%,34.90%,7.00%,88.4,42.00%,30.00%,30.00%,26.00%,0.43,36.00%,52.00%,12.00%,-0.9,-0.40%,-6.8,5%,50%,50%
56,Vidal Bruján,26,MIA,40,0.293,76,0.273,0.135,0.00%,10.00%,7.50%,83.7,24.20%,24.20%,39.40%,21.20%,0.72,24.20%,54.50%,21.20%,-0.3,-0.10%,-2.5,42%,,33%
57,Kris Bryant,32,COL,55,0.271,54,0.214,0.106,1.80%,32.70%,7.30%,89.3,37.90%,24.10%,34.50%,34.50%,0.53,37.90%,44.80%,17.20%,-1,-0.40%,-5.2,14%,,33%
58,Jake Burger,28,MIA,64,0.303,84,0.233,0.193,4.70%,20.30%,7.80%,89.6,41.30%,10.90%,56.50%,23.90%,1.3,32.60%,54.30%,13.00%,-0.1,0.00%,0.9,33%,,29%
59,Alec Burleson,25,STL,62,0.324,101,0.311,0.088,1.60%,17.70%,8.10%,91.9,52.20%,37.00%,37.00%,21.70%,0.59,30.40%,43.50%,26.10%,-0.1,-0.10%,-2.1,11%,,0%
60,Michael Busch,26,CHC,107,0.362,125,0.345,0.237,5.60%,32.70%,9.40%,89.7,41.00%,27.90%,24.60%,42.60%,0.33,31.10%,44.30%,24.60%,0.8,0.40%,4.1,30%,,31%
61,Lawrence Butler,23,OAK,85,0.306,98,0.265,0.137,2.40%,25.90%,14.10%,95.1,54.90%,23.50%,39.20%,31.40%,0.65,27.50%,52.90%,19.60%,0.1,0.00%,0.2,12%,100%,25%
62,Byron Buxton,30,MIN,96,0.306,94,0.362,0.144,1.00%,33.30%,2.10%,90,42.40%,28.80%,37.30%,20.30%,0.59,40.70%,47.50%,11.90%,0.5,0.20%,0.3,39%,100%,75%
63,José Caballero,27,TBR,102,0.319,106,0.324,0.137,2.00%,22.60%,1.00%,81.6,25.30%,24.00%,41.30%,22.70%,0.78,36.00%,56.00%,8.00%,0.1,0.10%,-4.5,37%,69%,100%
64,Trey Cabbage,27,HOU,2,0.632,333,0.5,0.5,0.00%,0.00%,0.00%,105.5,100.00%,50.00%,50.00%,0.00%,1,50.00%,50.00%,0.00%,0.1,0.00%,0.9,0%,,
65,Oswaldo Cabrera,25,NYY,104,0.313,97,0.286,0.134,2.90%,17.30%,5.80%,87.5,33.80%,23.80%,45.00%,26.30%,0.82,31.30%,51.30%,17.50%,0.1,0.00%,2.1,39%,100%,54%
66,Alex Call,29,WSN,9,0.687,359,0.6,0.167,0.00%,11.10%,22.20%,86.5,20.00%,0.00%,40.00%,40.00%,0.67,40.00%,60.00%,0.00%,0.2,0.10%,2.5,67%,,50%
67,Jair Camargo,24,MIN,5,0.138,-26,0,0,0.00%,40.00%,20.00%,77,0.00%,0.00%,100.00%,0.00%,,50.00%,50.00%,0.00%,-0.1,0.00%,-1.2,100%,,50%
68,Luis Campusano,25,SDP,98,0.338,116,0.309,0.138,2.00%,11.20%,4.10%,85,31.70%,18.10%,54.20%,21.70%,1.18,30.10%,59.00%,10.80%,0.3,0.10%,1.6,38%,,36%
69,Alexander Canario,24,CHC,23,0.365,120,0.444,0.2,4.40%,43.50%,8.70%,83.4,30.00%,30.00%,40.00%,10.00%,0.67,20.00%,60.00%,20.00%,-0.3,-0.20%,-0.7,43%,100%,0%
70,Jeimer Candelario,30,CIN,99,0.278,69,0.26,0.163,2.00%,35.40%,10.10%,84.8,32.70%,21.20%,44.20%,26.90%,0.79,32.70%,46.20%,21.20%,-0.4,-0.30%,-2.9,28%,0%,44%
71,Mark Canha,35,DET,112,0.424,177,0.299,0.239,4.50%,17.90%,13.40%,89.5,41.70%,27.80%,43.10%,22.20%,0.76,37.50%,44.40%,18.10%,0.5,0.40%,4.6,23%,100%,40%
72,Dominic Canzone,26,SEA,35,0.377,151,0.222,0.313,8.60%,31.40%,8.60%,90.3,42.90%,19.00%,42.90%,38.10%,0.75,38.10%,47.60%,14.30%,-0.2,-0.10%,1.3,14%,,
73,Victor Caratini,30,HOU,37,0.362,137,0.346,0.176,2.70%,18.90%,5.40%,92,48.10%,25.90%,48.10%,25.90%,0.93,18.50%,63.00%,18.50%,0.2,0.10%,2.2,50%,,33%
74,Kerry Carpenter,26,DET,93,0.347,123,0.344,0.207,3.20%,24.70%,3.20%,87.8,46.90%,20.30%,40.60%,32.80%,0.68,29.70%,53.10%,17.20%,0.1,0.10%,1.3,19%,,22%
75,Matt Carpenter,38,STL,11,0.255,49,0.429,0,0.00%,27.30%,0.00%,72.9,28.60%,14.30%,0.00%,28.60%,0,0.00%,71.40%,28.60%,0.1,0.10%,-0.1,33%,,0%
76,Corbin Carroll,23,ARI,126,0.268,58,0.23,0.045,0.80%,17.50%,11.90%,83.5,25.00%,21.60%,44.30%,18.20%,0.8,30.70%,51.10%,18.20%,-0.2,-0.10%,-3.7,33%,80%,50%
77,Evan Carter,21,TEX,103,0.343,118,0.23,0.247,4.90%,23.30%,10.70%,86.1,34.80%,19.70%,43.90%,27.30%,0.78,33.30%,56.10%,10.60%,0,0.00%,1.4,44%,100%,80%
78,Triston Casas,24,BOS,90,0.359,133,0.283,0.269,6.70%,28.90%,13.30%,89.9,42.30%,11.50%,53.80%,30.80%,1.17,25.00%,63.50%,11.50%,-0.1,-0.10%,-0.8,24%,0%,22%
79,Nick Castellanos,32,PHI,120,0.235,43,0.22,0.045,0.80%,22.50%,8.30%,87.3,37.30%,19.30%,39.80%,33.70%,0.66,34.90%,44.60%,20.50%,-0.8,-0.50%,-8.7,29%,0%,25%
80,Willi Castro,27,MIN,103,0.327,114,0.362,0.141,1.90%,32.00%,7.80%,85.7,40.70%,38.30%,38.30%,18.30%,0.64,38.30%,46.70%,15.00%,-0.2,-0.10%,-1.9,29%,50%,71%
81,Jake Cave,31,COL,30,0.293,70,0.333,0.111,0.00%,23.30%,6.70%,86.6,28.60%,14.30%,71.40%,14.30%,2.5,33.30%,42.90%,23.80%,0.3,0.10%,0,33%,,50%
82,Matt Chapman,31,SFG,120,0.294,81,0.266,0.168,3.30%,25.00%,5.00%,92.7,48.20%,21.70%,37.30%,28.90%,0.6,20.50%,51.80%,27.70%,-0.6,-0.30%,-2.7,39%,100%,71%
83,Jazz Chisholm Jr.,26,MIA,121,0.336,103,0.319,0.16,3.30%,27.30%,12.40%,88.3,39.70%,17.80%,45.20%,27.40%,0.87,37.00%,50.70%,12.30%,-0.2,-0.10%,1.6,24%,83%,64%
84,Jackson Chourio,20,MIL,102,0.273,61,0.263,0.149,3.90%,33.30%,5.90%,85.5,38.70%,12.90%,48.40%,33.90%,0.97,27.40%,48.40%,24.20%,-0.7,-0.50%,-5.2,29%,100%,50%
85,Jonatan Clase,22,SEA,28,0.249,46,0.333,0.037,0.00%,32.10%,3.60%,90.2,44.40%,33.30%,33.30%,33.30%,0.5,38.90%,50.00%,11.10%,-0.3,-0.20%,-2.7,14%,100%,100%
86,Kody Clemens,28,PHI,4,0.835,456,0.5,1,25.00%,25.00%,0.00%,97.1,66.70%,33.30%,33.30%,33.30%,0.5,100.00%,0.00%,0.00%,0,0.00%,2,0%,,
87,Ernie Clement,28,TOR,54,0.323,102,0.273,0.176,3.70%,11.10%,0.00%,83.6,17.00%,25.50%,42.60%,21.30%,0.77,27.70%,61.70%,10.60%,-0.3,-0.20%,-3.4,54%,100%,50%
88,Oscar Colás,25,CHW,1,0,-128,0,0,0.00%,0.00%,0.00%,79.3,0.00%,0.00%,100.00%,0.00%,,100.00%,0.00%,0.00%,-0.1,0.00%,-0.3,,,
89,Michael Conforto,31,SFG,111,0.343,123,0.303,0.2,4.50%,21.60%,5.40%,89.2,45.70%,16.00%,43.20%,33.30%,0.76,37.00%,48.10%,14.80%,-0.3,-0.10%,1.6,35%,0%,30%
90,William Contreras,26,MIL,129,0.442,183,0.415,0.196,3.90%,20.20%,10.90%,94.3,58.10%,17.20%,55.20%,21.80%,1.23,23.00%,52.90%,24.10%,1,0.70%,14.6,42%,100%,16%
91,Willson Contreras,32,STL,97,0.418,165,0.339,0.25,4.10%,20.60%,14.40%,89.5,40.00%,18.30%,41.70%,26.70%,0.71,21.70%,55.00%,23.30%,0.8,0.40%,4.9,25%,100%,50%
92,Garrett Cooper,33,CHC,41,0.344,112,0.391,0.162,2.40%,31.70%,9.80%,87.4,37.50%,25.00%,41.70%,29.20%,0.71,25.00%,50.00%,25.00%,-0.2,-0.10%,1.6,15%,,0%
93,Carlos Correa,29,MIN,48,0.359,134,0.345,0.125,2.10%,20.80%,16.70%,88.9,43.30%,36.70%,36.70%,23.30%,0.58,30.00%,50.00%,20.00%,0.3,0.20%,2.8,22%,,20%
94,Colton Cowser,24,BAL,83,0.439,190,0.4,0.342,7.20%,33.70%,10.80%,91,52.20%,26.10%,43.50%,28.30%,0.77,30.40%,47.80%,21.70%,-0.4,-0.20%,2.3,20%,100%,29%
95,Brandon Crawford,37,STL,19,0.171,-5,0.2,0,0.00%,36.80%,10.50%,88.2,30.00%,10.00%,40.00%,40.00%,0.67,20.00%,60.00%,20.00%,-0.1,-0.10%,-3,25%,,
96,J.P. Crawford,29,SEA,98,0.28,81,0.227,0.105,2.00%,18.40%,11.20%,85.7,30.90%,14.70%,58.80%,17.60%,1.48,35.30%,47.10%,17.60%,0.3,0.20%,-1.8,41%,,69%
97,Jake Cronenworth,30,SDP,128,0.343,126,0.284,0.191,3.10%,15.60%,9.40%,90.9,44.40%,29.30%,40.20%,26.10%,0.67,32.60%,51.10%,16.30%,-0.3,-0.20%,1.7,28%,0%,46%
98,Pete Crow-Armstrong,22,CHC,17,0.381,140,0.333,0.25,5.90%,17.70%,0.00%,84.8,28.60%,28.60%,28.60%,35.70%,0.44,7.10%,85.70%,7.10%,0.2,0.10%,1.3,25%,,0%
99,Oneil Cruz,25,PIT,120,0.295,82,0.369,0.107,2.50%,36.70%,6.70%,92.5,50.00%,20.60%,55.90%,19.10%,1.27,25.00%,55.90%,19.10%,-0.4,-0.30%,-11.8,16%,75%,17%
100,Travis d'Arnaud,35,ATL,77,0.415,162,0.304,0.328,6.50%,22.10%,9.10%,92.1,53.10%,17.60%,45.10%,27.50%,0.82,37.30%,51.00%,11.80%,0.8,0.50%,4.8,26%,,36%
101,Bobby Dalbec,29,BOS,55,0.164,-19,0.292,0.039,0.00%,49.10%,5.50%,81.7,40.00%,8.00%,56.00%,28.00%,1.4,28.00%,44.00%,28.00%,-0.8,-0.50%,-8.5,30%,100%,50%
102,Henry Davis,24,PIT,79,0.252,53,0.275,0.046,0.00%,34.20%,12.70%,85.9,35.00%,25.00%,40.00%,20.00%,0.67,35.00%,50.00%,15.00%,-0.6,-0.40%,-4.3,32%,,36%
103,J.D. Davis,31,OAK,55,0.274,79,0.242,0.176,3.60%,29.10%,5.50%,92.2,45.70%,17.10%,65.70%,17.10%,1.92,20.00%,57.10%,22.90%,-0.8,-0.40%,-5.9,17%,,0%
104,Bryan De La Cruz,27,MIA,129,0.323,96,0.31,0.172,3.90%,26.40%,4.70%,88.3,43.80%,28.10%,38.20%,30.30%,0.62,25.80%,56.20%,18.00%,0.1,-0.10%,1.3,25%,100%,14%
105,Elly De La Cruz,22,CIN,118,0.471,184,0.357,0.31,6.80%,30.50%,14.40%,91.4,50.00%,23.40%,50.00%,20.30%,1.07,31.30%,53.10%,15.60%,0.8,0.50%,13.5,47%,86%,64%
106,Paul DeJong,30,CHW,73,0.287,80,0.314,0.191,4.10%,41.10%,4.10%,88.1,47.40%,23.70%,39.50%,21.10%,0.65,31.60%,50.00%,18.40%,-0.1,0.00%,-5.9,13%,,0%
107,Jason Delay,29,PIT,5,0.177,-23,0,0,0.00%,0.00%,20.00%,68.9,25.00%,25.00%,0.00%,25.00%,0,25.00%,75.00%,0.00%,0.1,0.00%,0.1,0%,,0%
108,Rafael Devers,27,BOS,81,0.391,151,0.327,0.191,3.70%,19.80%,14.80%,91.2,44.20%,17.30%,40.40%,32.70%,0.68,30.80%,53.80%,15.40%,0.5,0.30%,3,24%,,67%
109,Elias Díaz,33,COL,98,0.338,101,0.352,0.112,2.00%,18.40%,4.10%,86.9,27.50%,28.80%,42.50%,19.20%,0.74,31.50%,43.80%,24.70%,-0.1,-0.10%,-1.1,28%,,10%
110,Yainer Diaz,25,HOU,111,0.364,138,0.318,0.155,2.70%,14.40%,6.30%,91.1,50.00%,12.50%,60.20%,22.70%,1.51,29.50%,51.10%,19.30%,-0.2,0.00%,2.8,27%,,26%
111,Yandy Díaz,32,TBR,127,0.292,88,0.269,0.07,0.80%,16.50%,7.90%,91.1,51.10%,16.00%,61.70%,19.10%,1.61,11.70%,56.40%,31.90%,0,0.00%,-0.3,27%,,46%
112,Brendan Donovan,27,STL,123,0.297,88,0.247,0.133,1.60%,13.80%,8.10%,89.2,42.90%,25.30%,39.60%,27.50%,0.67,37.40%,44.00%,18.70%,0.3,0.20%,-1.6,27%,0%,17%
113,Brenton Doyle,26,COL,106,0.388,133,0.446,0.182,2.80%,29.30%,5.70%,87.1,43.30%,27.90%,44.10%,25.00%,0.81,27.90%,50.00%,22.10%,0,-0.10%,3.9,42%,80%,20%
114,Brandon Drury,31,LAA,90,0.242,46,0.215,0.061,1.10%,18.90%,6.70%,87,36.90%,27.30%,54.50%,13.60%,1.2,24.20%,65.20%,10.60%,-0.6,-0.30%,-6.1,29%,,50%
115,Mauricio Dubón,29,HOU,63,0.308,95,0.291,0.115,1.60%,7.90%,3.20%,88.2,32.70%,23.20%,46.40%,26.80%,0.87,8.90%,51.80%,39.30%,0.1,0.10%,3.6,22%,100%,14%
116,Oliver Dunn,26,MIL,63,0.245,43,0.324,0.1,1.60%,39.70%,3.20%,88.5,51.40%,17.10%,45.70%,31.40%,0.84,45.70%,48.60%,5.70%,-0.6,-0.50%,-6.6,21%,100%,13%
117,Ezequiel Duran,25,TEX,50,0.236,38,0.31,0.022,0.00%,32.00%,10.00%,87.3,48.30%,24.10%,48.30%,13.80%,0.93,20.70%,55.20%,24.10%,-0.4,-0.30%,-4.2,14%,100%,0%
118,Jarren Duran,27,BOS,137,0.326,96,0.326,0.122,0.70%,22.60%,8.00%,88.5,36.60%,30.10%,47.30%,17.20%,0.92,26.10%,52.20%,21.70%,0.4,0.20%,1.7,37%,89%,36%
119,Adam Duvall,35,ATL,49,0.332,104,0.276,0.19,4.10%,24.50%,10.20%,89.6,45.20%,19.40%,35.50%,29.00%,0.55,38.70%,45.20%,16.10%,-0.1,-0.10%,0.1,36%,,25%
120,Christian Encarnacion-Strand,24,CIN,108,0.236,36,0.254,0.118,1.90%,28.70%,2.80%,88.8,40.30%,15.10%,47.90%,24.70%,0.92,32.90%,46.60%,20.50%,-0.3,-0.20%,-7.4,50%,,50%
121,Santiago Espinal,29,CIN,73,0.249,34,0.204,0.066,1.40%,13.70%,8.20%,86,29.80%,17.50%,47.40%,22.80%,0.96,24.60%,50.90%,24.60%,-0.3,-0.20%,-1,18%,100%,75%
122,Thairo Estrada,28,SFG,106,0.289,82,0.274,0.186,3.80%,24.50%,2.80%,88.3,40.30%,20.80%,48.10%,24.70%,0.93,32.50%,53.20%,14.30%,-0.3,-0.20%,-3,35%,,43%
123,Stuart Fairchild,28,CIN,64,0.257,42,0.244,0.018,0.00%,18.80%,7.80%,83,32.60%,19.60%,41.30%,19.60%,0.76,32.60%,56.50%,10.90%,-0.4,-0.20%,-4,35%,83%,67%
124,Kyle Farmer,33,MIN,64,0.211,20,0.15,0.056,0.00%,21.90%,12.50%,83.1,17.50%,17.50%,57.50%,22.50%,1.35,20.00%,65.00%,15.00%,-0.9,-0.40%,-7.7,38%,100%,80%
125,Freddy Fermin,29,KCR,47,0.286,78,0.237,0.091,2.10%,10.60%,6.40%,88.6,33.30%,10.30%,46.20%,25.60%,0.86,30.80%,48.70%,20.50%,-0.1,0.00%,-1.3,42%,,67%
126,Tyler Fitzgerald,26,SFG,34,0.406,155,0.474,0.25,2.90%,35.30%,2.90%,88.2,30.00%,40.00%,20.00%,35.00%,0.25,40.00%,35.00%,25.00%,0,0.00%,0.6,46%,80%,60%
127,David Fletcher,30,ATL,9,0.193,7,0.25,0,0.00%,11.10%,0.00%,80.7,0.00%,12.50%,62.50%,25.00%,1.67,37.50%,50.00%,12.50%,0,0.00%,-0.7,0%,,
128,Dominic Fletcher,26,CHW,66,0.254,55,0.308,0.068,0.00%,30.30%,6.10%,84.3,30.00%,25.00%,35.00%,32.50%,0.56,22.50%,52.50%,25.00%,-0.5,-0.20%,-3.4,17%,,0%
129,Wilmer Flores,32,SFG,78,0.28,76,0.254,0.061,0.00%,11.50%,11.50%,86.1,28.80%,32.20%,37.30%,20.30%,0.59,30.50%,52.50%,16.90%,0,0.00%,-1.6,24%,,25%
130,Estevan Florial,26,CLE,52,0.326,116,0.364,0.222,3.90%,40.40%,11.50%,83.5,44.00%,20.00%,52.00%,12.00%,1.18,44.00%,44.00%,12.00%,0,0.00%,2.9,14%,50%,0%
131,Nick Fortes,27,MIA,60,0.149,-19,0.143,0.036,0.00%,11.70%,3.30%,83.1,26.00%,18.00%,54.00%,16.00%,1.29,36.00%,50.00%,14.00%,-0.5,-0.10%,-5,20%,0%,0%
132,Justin Foscue,25,TEX,2,0.451,198,0.5,0,0.00%,0.00%,0.00%,89.3,0.00%,0.00%,50.00%,50.00%,1,0.00%,100.00%,0.00%,0.1,0.00%,0.7,0%,,
133,Jake Fraley,29,CIN,64,0.351,120,0.381,0.121,1.60%,23.40%,9.40%,83,23.30%,20.90%,51.20%,23.30%,1.05,39.50%,48.80%,11.60%,-0.1,0.00%,2.6,59%,63%,44%
134,Ty France,29,SEA,100,0.291,89,0.299,0.11,2.00%,23.00%,8.00%,91.1,50.70%,29.00%,44.90%,23.20%,0.82,14.50%,65.20%,20.30%,-0.6,-0.30%,-3.5,25%,,50%
135,Adam Frazier,32,KCR,77,0.26,57,0.231,0.031,0.00%,16.90%,11.70%,83.3,25.00%,26.90%,48.10%,19.20%,0.93,30.80%,53.80%,15.40%,-0.6,-0.40%,-2.2,25%,100%,40%
136,Freddie Freeman,34,LAD,139,0.381,141,0.364,0.125,1.40%,17.30%,15.80%,88.6,41.10%,33.30%,33.30%,33.30%,0.5,30.00%,51.10%,18.90%,0.5,0.30%,5.5,23%,50%,53%
137,Tyler Freeman,25,CLE,91,0.325,118,0.23,0.165,3.30%,17.60%,8.80%,91.3,53.10%,23.40%,43.80%,26.60%,0.78,28.10%,50.00%,21.90%,0.1,0.10%,-0.2,44%,50%,30%
138,Sal Frelick,24,MIL,111,0.327,106,0.351,0.051,0.00%,22.50%,9.90%,85.6,24.30%,31.10%,45.90%,14.90%,0.85,23.00%,62.20%,14.90%,0,0.00%,0.3,40%,67%,40%
139,David Fry,28,CLE,59,0.397,163,0.387,0.136,1.70%,23.70%,17.00%,88.7,43.80%,25.00%,40.60%,31.30%,0.68,37.50%,40.60%,21.90%,0.6,0.40%,4.9,28%,100%,33%
140,Joey Gallo,30,WSN,91,0.283,76,0.214,0.189,3.30%,47.30%,16.50%,90.4,38.70%,22.60%,9.70%,35.50%,0.11,35.50%,45.20%,19.40%,-0.6,-0.30%,-5.6,22%,100%,50%
141,Adolis García,31,TEX,114,0.398,157,0.319,0.301,7.00%,24.60%,7.00%,93.3,54.50%,19.50%,39.00%,35.10%,0.64,24.70%,59.70%,15.60%,0.4,0.20%,7.1,36%,80%,46%
142,Avisaíl García,33,MIA,51,0.276,65,0.286,0.14,3.90%,25.50%,2.00%,86.6,29.70%,10.80%,64.90%,21.60%,1.85,21.60%,67.60%,10.80%,-0.7,-0.30%,-6.2,18%,,33%
143,Luis García Jr.,24,WSN,87,0.343,110,0.354,0.122,1.20%,18.40%,5.80%,89.9,50.00%,22.70%,53.00%,19.70%,1.13,21.20%,59.10%,19.70%,0.2,0.10%,1.8,11%,100%,29%
144,Maikel Garcia,24,KCR,128,0.314,89,0.25,0.162,3.10%,18.00%,7.00%,91.4,46.90%,27.10%,45.80%,19.80%,0.85,19.80%,57.30%,22.90%,-0.6,-0.40%,2,31%,100%,60%
145,Mitch Garver,33,SEA,94,0.263,69,0.184,0.163,3.20%,30.90%,11.70%,90,38.50%,19.20%,42.30%,26.90%,0.73,46.20%,40.40%,13.50%,0.3,0.20%,-5.4,23%,,100%
146,Zack Gelof,24,OAK,101,0.278,78,0.268,0.141,3.00%,32.70%,6.90%,88.9,36.70%,16.70%,56.70%,21.70%,1.36,26.70%,51.70%,21.70%,-0.6,-0.30%,-5.4,35%,80%,43%
147,Andrés Giménez,25,CLE,117,0.321,106,0.326,0.069,0.00%,15.40%,4.30%,83.4,25.60%,25.30%,50.60%,18.40%,1.07,37.90%,41.40%,20.70%,0.4,0.30%,3.3,38%,80%,46%
148,Paul Goldschmidt,36,STL,117,0.285,72,0.297,0.079,1.70%,29.90%,11.10%,89.3,39.40%,30.30%,36.40%,24.20%,0.57,27.30%,51.50%,21.20%,-0.2,-0.10%,-2.1,30%,100%,44%
149,Yan Gomes,36,CHC,43,0.246,44,0.296,0.093,2.30%,34.90%,0.00%,84.7,35.70%,32.10%,32.10%,32.10%,0.47,14.30%,60.70%,25.00%,-0.3,-0.20%,-4.6,25%,,67%
150,Romy Gonzalez,27,BOS,5,0.318,98,0.333,0,0.00%,20.00%,20.00%,91.7,66.70%,33.30%,66.70%,0.00%,2,0.00%,66.70%,33.30%,0,0.00%,0.4,50%,,100%
151,Hunter Goodman,24,COL,10,0.277,59,0,0.333,10.00%,50.00%,10.00%,87,25.00%,0.00%,50.00%,50.00%,1,25.00%,50.00%,25.00%,-0.2,0.00%,-0.5,0%,,
152,Niko Goodrum,32,TBR,14,0.223,63,0.429,0,0.00%,35.70%,7.10%,82.9,25.00%,25.00%,62.50%,0.00%,2.5,37.50%,50.00%,12.50%,-0.3,-0.20%,-2.1,25%,0%,
153,Nick Gordon,28,MIA,68,0.258,50,0.191,0.172,4.40%,22.10%,4.40%,86.7,32.70%,22.00%,52.00%,24.00%,1.08,44.00%,44.00%,12.00%,-0.1,0.10%,-1.6,17%,100%,33%
154,Nolan Gorman,24,STL,104,0.272,69,0.263,0.177,3.90%,33.70%,7.70%,86.1,37.70%,29.50%,36.10%,26.20%,0.56,27.90%,62.30%,9.80%,-0.6,-0.30%,-7.3,13%,0%,20%
155,Riley Greene,23,DET,120,0.382,148,0.29,0.219,4.20%,25.00%,19.20%,91.4,43.30%,25.40%,44.80%,26.90%,0.81,29.90%,58.20%,11.90%,0.8,0.50%,9.2,42%,,44%
156,Randal Grichuk,32,ARI,50,0.323,101,0.282,0.159,2.00%,12.00%,6.00%,88.9,37.50%,17.50%,40.00%,30.00%,0.67,30.00%,57.50%,12.50%,0.1,0.10%,0.4,33%,,0%
157,Trent Grisham,27,NYY,25,0.214,40,0.071,0.15,4.00%,20.00%,16.00%,84.6,25.00%,0.00%,26.70%,46.70%,0.4,33.30%,66.70%,0.00%,-0.1,-0.10%,-2.8,0%,0%,
158,Robbie Grossman,34,CHW,68,0.289,79,0.282,0.018,0.00%,25.00%,17.70%,87.3,25.60%,28.20%,38.50%,25.60%,0.63,28.20%,53.80%,17.90%,-0.6,-0.20%,-3.1,17%,100%,14%
159,Vladimir Guerrero Jr.,25,TOR,132,0.319,106,0.274,0.123,2.30%,20.50%,12.90%,93.4,54.70%,21.80%,50.60%,19.50%,1.02,23.00%,54.00%,23.00%,0,0.00%,-4.1,20%,,0%
160,Luis Guillorme,29,ATL,20,0.204,15,0.214,0.105,0.00%,25.00%,5.00%,85,7.10%,21.40%,57.10%,21.40%,1.33,21.40%,50.00%,28.60%,-0.2,-0.10%,-1,50%,,100%
161,Lourdes Gurriel Jr.,30,ARI,125,0.337,108,0.286,0.179,4.00%,16.80%,6.40%,88.3,43.80%,27.10%,37.50%,28.10%,0.6,28.10%,50.00%,21.90%,-0.1,0.00%,0.7,41%,100%,50%
162,Sam Haggerty,30,SEA,2,0,-122,0,0,0.00%,0.00%,0.00%,72.4,0.00%,0.00%,100.00%,0.00%,,50.00%,0.00%,50.00%,-0.1,0.00%,-0.4,,,
163,David Hamilton,26,BOS,42,0.287,67,0.292,0.105,2.40%,31.00%,7.10%,86.6,36.00%,28.00%,40.00%,28.00%,0.71,28.00%,60.00%,12.00%,-0.2,-0.10%,-2.1,46%,100%,67%
164,Garrett Hampson,29,KCR,34,0.227,20,0.368,0.03,0.00%,41.20%,2.90%,79.3,21.10%,26.30%,21.10%,36.80%,0.31,26.30%,36.80%,36.80%,-0.4,-0.20%,-3.7,50%,100%,57%
165,Mitch Haniger,33,SEA,106,0.312,104,0.295,0.165,3.80%,30.20%,8.50%,87.4,43.10%,21.50%,43.10%,32.30%,0.76,26.20%,61.50%,12.30%,-0.5,-0.30%,0.5,26%,,29%
166,Ian Happ,29,CHC,116,0.307,86,0.304,0.101,0.90%,25.00%,13.80%,91.1,35.70%,25.70%,44.30%,22.90%,0.79,37.10%,45.70%,17.10%,0.6,0.30%,2.3,40%,,58%
167,Bryce Harper,31,PHI,114,0.339,118,0.254,0.237,5.30%,21.90%,14.00%,90.3,47.90%,23.30%,45.20%,30.10%,0.83,35.60%,50.70%,13.70%,-0.6,-0.30%,-2.2,21%,33%,29%
168,Michael Harris II,23,ATL,117,0.357,124,0.378,0.153,2.60%,22.20%,5.10%,90.2,44.70%,23.50%,55.30%,16.50%,1.27,44.70%,44.70%,10.60%,0.3,0.20%,2.4,35%,63%,27%
169,Ke'Bryan Hayes,27,PIT,120,0.348,120,0.333,0.087,0.80%,16.70%,10.80%,88.4,42.90%,24.70%,51.80%,15.30%,1.07,15.30%,60.00%,24.70%,0.3,0.20%,-0.4,28%,,47%
170,Austin Hays,28,BAL,50,0.147,-18,0.147,0,0.00%,22.00%,8.00%,87.1,39.40%,23.50%,50.00%,23.50%,1,23.50%,67.60%,8.80%,-0.7,-0.40%,-4.9,40%,,0%
171,Austin Hedges,31,CLE,28,0.147,-23,0.167,0.037,0.00%,35.70%,0.00%,76.8,11.10%,16.70%,33.30%,27.80%,0.5,27.80%,55.60%,16.70%,-0.2,-0.20%,-4.9,33%,100%,100%
172,Jonah Heim,29,TEX,91,0.305,90,0.308,0.136,3.30%,22.00%,2.20%,89,36.80%,23.50%,36.80%,33.80%,0.58,38.20%,44.10%,17.60%,-0.1,0.00%,-0.2,22%,100%,17%
173,Tyler Heineman,33,BOS,2,0.361,129,0,0,0.00%,0.00%,0.00%,85.4,0.00%,0.00%,0.00%,100.00%,0,0.00%,100.00%,0.00%,0,0.00%,0.3,0%,,
174,Gunnar Henderson,23,BAL,128,0.428,180,0.311,0.342,7.80%,25.00%,5.50%,95.6,60.70%,23.80%,39.30%,29.80%,0.65,29.80%,52.40%,17.90%,0.2,0.10%,6.1,43%,100%,56%
175,Darell Hernaiz,22,OAK,50,0.212,31,0.226,0,0.00%,26.00%,12.00%,85.9,38.70%,22.60%,61.30%,12.90%,1.58,9.70%,77.40%,12.90%,-0.1,-0.10%,-2.8,39%,100%,25%
176,Enrique Hernández,32,LAD,66,0.277,67,0.269,0.065,1.50%,15.20%,4.60%,91.8,50.90%,26.40%,37.70%,32.10%,0.61,20.80%,64.20%,15.10%,-0.3,-0.20%,-4.3,18%,,50%
177,Teoscar Hernández,31,LAD,130,0.357,121,0.362,0.203,4.60%,33.10%,7.70%,92.3,53.30%,26.70%,46.70%,21.30%,0.88,25.30%,54.70%,20.00%,-0.2,-0.20%,-0.1,39%,75%,46%
178,Iván Herrera,24,STL,62,0.274,67,0.2,0.164,4.80%,22.60%,6.50%,92.1,47.60%,18.60%,41.90%,37.20%,0.72,25.60%,58.10%,16.30%,-0.1,0.00%,-4.8,31%,,67%
179,Jason Heyward,34,LAD,15,0.183,2,0.214,0,0.00%,6.70%,0.00%,83.4,30.80%,7.10%,42.90%,28.60%,0.75,50.00%,35.70%,14.30%,-0.3,-0.20%,-1.5,100%,,50%
180,Aaron Hicks,34,LAA,63,0.197,13,0.212,0.053,1.60%,36.50%,9.50%,87.5,36.40%,17.60%,58.80%,14.70%,1.43,55.90%,26.50%,17.60%,-0.4,-0.20%,-6,39%,,67%
181,Kyle Higashioka,34,SDP,25,0.207,25,0.25,0.16,4.00%,48.00%,0.00%,87.3,23.10%,15.40%,46.20%,30.80%,0.86,46.20%,38.50%,15.40%,-0.5,-0.30%,-5.3,33%,,50%
182,Nico Hoerner,27,CHC,121,0.32,100,0.302,0.084,0.00%,9.90%,8.30%,86.6,32.30%,33.30%,41.70%,17.70%,0.71,16.70%,53.10%,30.20%,0.7,0.40%,-0.6,43%,33%,55%
183,Jackson Holliday,20,BAL,36,0.114,-39,0.125,0,0.00%,50.00%,5.60%,87.3,37.50%,12.50%,62.50%,25.00%,1.67,50.00%,37.50%,12.50%,-0.4,-0.30%,-5.9,125%,,60%
184,Rhys Hoskins,31,MIL,109,0.354,122,0.227,0.234,5.50%,21.10%,10.10%,88.2,37.50%,25.00%,27.80%,37.50%,0.38,41.70%,40.30%,18.10%,-0.1,0.00%,-2.6,21%,100%,20%
185,Andy Ibáñez,31,DET,17,0.206,21,0.364,0,0.00%,35.30%,0.00%,84,27.30%,45.50%,36.40%,18.20%,0.57,45.50%,36.40%,18.20%,0,0.00%,-1.6,25%,,0%
186,Jonathan India,27,CIN,106,0.332,100,0.284,0.08,0.90%,19.80%,14.20%,86.8,34.30%,32.40%,47.10%,14.70%,0.89,26.50%,55.90%,17.60%,0.3,0.10%,4.4,28%,100%,57%
187,Kyle Isbel,27,KCR,85,0.313,91,0.238,0.163,3.50%,16.50%,3.50%,88.9,37.30%,16.40%,50.70%,25.40%,1.06,38.80%,46.30%,14.90%,-0.1,-0.10%,0.7,37%,100%,57%
188,Travis Jankowski,33,TEX,23,0.275,70,0.167,0.19,4.40%,8.70%,8.70%,82,21.10%,15.80%,52.60%,26.30%,1.25,26.30%,57.90%,15.80%,0,0.00%,-1.7,20%,,0%
189,Danny Jansen,29,TOR,31,0.426,184,0.25,0.346,6.50%,12.90%,16.10%,90.9,45.50%,31.80%,13.60%,45.50%,0.16,31.80%,59.10%,9.10%,0,0.00%,1.4,20%,,50%
190,Ryan Jeffers,27,MIN,101,0.416,175,0.308,0.247,5.00%,16.80%,6.90%,84.2,31.40%,20.00%,42.90%,31.40%,0.75,28.60%,58.60%,12.90%,1.4,0.60%,12.1,27%,,40%
191,Eloy Jiménez,27,CHW,68,0.317,99,0.279,0.161,4.40%,23.50%,8.80%,89,43.50%,23.90%,54.30%,13.00%,1.19,39.10%,54.30%,6.50%,-0.6,-0.30%,-1.7,28%,100%,44%
192,Connor Joe,31,PIT,96,0.364,128,0.328,0.165,2.10%,16.70%,10.40%,83.3,33.30%,20.30%,49.30%,18.80%,0.97,34.80%,50.70%,14.50%,0.4,0.30%,4.9,42%,100%,60%
193,Jahmai Jones,26,NYY,5,0.18,3,0.5,0,0.00%,60.00%,0.00%,83.3,0.00%,0.00%,100.00%,0.00%,,50.00%,50.00%,0.00%,-0.1,0.00%,0.2,100%,,
194,Nolan Jones,26,COL,103,0.252,41,0.268,0.106,1.00%,35.90%,8.70%,89.4,43.60%,17.50%,49.10%,26.30%,0.97,24.60%,56.10%,19.30%,-0.5,-0.20%,-6.5,42%,67%,56%
195,Aaron Judge,32,NYY,137,0.344,120,0.254,0.212,4.40%,27.00%,16.10%,94.7,54.50%,22.10%,37.70%,32.50%,0.6,20.80%,55.80%,23.40%,-0.3,-0.20%,-0.7,15%,100%,22%
196,Edouard Julien,25,MIN,104,0.374,143,0.275,0.289,6.70%,30.80%,12.50%,90.6,43.10%,13.80%,39.70%,46.60%,0.66,27.60%,50.00%,22.40%,0.2,0.10%,2.4,32%,100%,57%
197,Josh Jung,26,TEX,19,0.599,295,0.455,0.529,10.50%,21.10%,10.50%,86.6,46.20%,23.10%,46.20%,30.80%,0.86,23.10%,53.80%,23.10%,0.1,0.10%,3.7,43%,100%,0%
198,Colt Keith,22,DET,95,0.208,19,0.2,0.011,0.00%,17.90%,8.40%,88.1,31.40%,27.10%,47.10%,21.40%,0.89,42.00%,49.30%,8.70%,-0.5,-0.30%,-8.6,23%,100%,33%
199,Jarred Kelenic,24,ATL,68,0.331,108,0.475,0.065,0.00%,32.40%,8.80%,88.1,45.00%,37.50%,42.50%,17.50%,0.74,20.00%,67.50%,12.50%,-0.3,-0.30%,-4.8,28%,0%,67%
200,Carson Kelly,29,DET,46,0.236,42,0.235,0.091,2.20%,19.60%,4.40%,92.3,57.10%,22.90%,45.70%,20.00%,0.84,25.70%,57.10%,17.10%,-0.3,-0.20%,-3.3,30%,,67%
201,Tony Kemp,32,BAL,10,0.069,-72,0,0,0.00%,10.00%,10.00%,76.2,12.50%,12.50%,37.50%,12.50%,0.75,50.00%,25.00%,25.00%,-0.3,-0.20%,-2.2,100%,,
202,Buddy Kennedy,25,DET,13,0.355,115,0.167,0.3,7.70%,30.80%,15.40%,91.8,57.10%,42.90%,14.30%,42.90%,0.17,14.30%,85.70%,0.00%,0.2,0.10%,1.8,33%,100%,0%
203,Max Kepler,31,MIN,44,0.314,101,0.281,0.122,2.30%,18.20%,6.80%,89.2,36.40%,21.20%,24.20%,36.40%,0.32,33.30%,42.40%,24.20%,0.1,-0.10%,1.2,25%,,40%
204,Grae Kessinger,26,HOU,10,0,-125,0,0,0.00%,40.00%,0.00%,75.3,16.70%,16.70%,66.70%,16.70%,2,33.30%,50.00%,16.70%,-0.1,0.00%,-4.2,,,0%
205,Kevin Kiermaier,34,TOR,62,0.235,38,0.282,0.035,0.00%,29.00%,6.50%,82.9,27.50%,20.00%,62.50%,10.00%,1.92,30.00%,55.00%,15.00%,-0.3,-0.20%,-4.4,33%,100%,0%
206,Ha-Seong Kim,28,SDP,133,0.322,99,0.235,0.179,3.00%,18.10%,14.30%,84.9,30.00%,23.30%,35.60%,25.60%,0.57,17.80%,54.40%,27.80%,-0.3,-0.20%,1.8,36%,88%,36%
207,Isiah Kiner-Falefa,29,TOR,86,0.303,91,0.302,0.101,1.20%,17.40%,7.00%,84.4,26.60%,31.30%,42.20%,25.00%,0.73,17.20%,64.10%,18.80%,-0.5,-0.30%,-2.6,23%,100%,50%
208,Alex Kirilloff,26,MIN,90,0.333,115,0.323,0.188,1.10%,21.10%,7.80%,92.6,44.40%,17.50%,49.20%,28.60%,0.97,31.70%,50.80%,17.50%,0,0.00%,0.8,36%,,50%
209,Alejandro Kirk,25,TOR,74,0.262,65,0.222,0.063,1.40%,13.50%,12.20%,88.4,32.70%,25.50%,45.50%,16.40%,0.83,18.20%,45.50%,36.40%,-0.4,-0.20%,-4.5,5%,,0%
210,Heston Kjerstad,25,BAL,5,0,-122,0,0,0.00%,60.00%,0.00%,71.5,0.00%,50.00%,50.00%,0.00%,1,0.00%,50.00%,50.00%,-0.2,-0.10%,-1.3,,,
211,Andrew Knizner,29,TEX,26,0.184,5,0.118,0.115,3.90%,30.80%,0.00%,87.5,38.90%,22.20%,44.40%,22.20%,0.8,27.80%,55.60%,16.70%,-0.1,-0.10%,-2.7,50%,,
212,Steven Kwan,26,CLE,124,0.36,138,0.356,0.119,2.40%,8.90%,4.80%,81.9,16.00%,31.80%,33.60%,24.30%,0.55,18.70%,58.90%,22.40%,-0.1,-0.10%,2,51%,60%,52%
213,Shea Langeliers,26,OAK,97,0.267,77,0.143,0.23,6.20%,21.70%,6.20%,91.7,43.50%,23.20%,36.20%,27.50%,0.57,30.40%,55.10%,14.50%,-0.3,-0.10%,-7.5,19%,0%,33%
214,Wyatt Langford,22,TEX,114,0.295,86,0.312,0.079,0.90%,21.10%,9.70%,87.6,36.40%,19.20%,39.70%,30.80%,0.66,17.90%,60.30%,21.80%,-0.5,-0.30%,-3.9,33%,50%,60%
215,Trevor Larnach,27,MIN,34,0.464,210,0.429,0.276,5.90%,20.60%,11.80%,92.7,47.80%,39.10%,26.10%,21.70%,0.35,43.50%,39.10%,17.40%,0.2,0.10%,3,39%,,44%
216,Ramón Laureano,29,CLE,63,0.272,70,0.258,0.059,0.00%,33.30%,9.50%,90.1,38.70%,29.00%,38.70%,25.80%,0.63,35.50%,45.20%,19.40%,0,0.00%,-3,26%,75%,40%
217,Jung Hoo Lee,25,SFG,117,0.318,109,0.277,0.087,1.70%,8.60%,8.60%,90.6,47.40%,28.10%,50.00%,16.70%,1,29.20%,58.30%,12.50%,-0.1,-0.10%,-2.5,30%,40%,50%
218,Korey Lee,25,CHW,54,0.314,96,0.289,0.157,3.70%,20.40%,5.60%,81.8,25.00%,15.00%,47.50%,25.00%,0.95,25.00%,60.00%,15.00%,-0.5,-0.10%,-3.1,21%,100%,0%
219,Royce Lewis,25,MIN,2,1.492,954,1,1.5,50.00%,0.00%,0.00%,93.1,50.00%,50.00%,0.00%,50.00%,0,50.00%,50.00%,0.00%,0.1,0.10%,1.2,0%,,0%
220,Francisco Lindor,30,NYM,128,0.301,92,0.193,0.168,3.90%,16.40%,9.40%,87.3,40.70%,18.30%,43.00%,30.10%,0.75,31.20%,52.70%,16.10%,-0.4,-0.10%,-6.5,32%,60%,88%
221,Trey Lipscomb,24,WSN,78,0.318,96,0.321,0.058,1.30%,16.70%,6.40%,85.2,33.30%,17.50%,63.20%,12.30%,1.71,12.30%,59.60%,28.10%,-0.3,-0.10%,-2,48%,83%,39%
222,Nick Loftin,25,KCR,35,0.331,111,0.32,0,0.00%,14.30%,14.30%,82.4,24.00%,28.00%,32.00%,36.00%,0.47,8.00%,68.00%,24.00%,0.2,0.10%,1.6,54%,,50%
223,Nicky Lopez,29,CHW,93,0.261,74,0.246,0.013,0.00%,10.80%,9.70%,84.1,20.50%,16.40%,49.30%,21.90%,1.09,24.70%,56.20%,19.20%,-0.4,-0.10%,-4.6,26%,20%,44%
224,Otto Lopez,25,MIA,15,0.382,139,0.25,0.2,6.70%,13.30%,0.00%,88.9,46.20%,23.10%,61.50%,7.70%,1.6,23.10%,61.50%,15.40%,-0.3,-0.10%,-0.6,67%,,50%
225,Brandon Lowe,29,TBR,30,0.268,71,0.211,0.148,3.30%,23.30%,6.70%,90.9,30.00%,25.00%,40.00%,30.00%,0.67,25.00%,65.00%,10.00%,-0.2,-0.10%,-2.7,29%,,50%
226,Nathaniel Lowe,28,TEX,32,0.395,157,0.381,0.138,3.10%,21.90%,9.40%,87.3,36.40%,31.80%,54.50%,13.60%,1.2,31.80%,40.90%,27.30%,-0.3,-0.20%,-1.2,36%,,50%
227,Gavin Lux,26,LAD,81,0.23,32,0.25,0.027,0.00%,23.50%,7.40%,85.8,34.50%,14.30%,58.90%,19.60%,1.43,39.30%,50.00%,10.70%,-0.3,-0.20%,-4.8,50%,100%,58%
228,Manny Machado,31,SDP,120,0.315,101,0.304,0.135,3.30%,23.30%,7.50%,91.3,51.80%,21.70%,50.60%,21.70%,1.02,25.30%,49.40%,25.30%,-0.2,-0.10%,-1.7,33%,,42%
229,Nick Madrigal,27,CHC,35,0.249,42,0.226,0.061,0.00%,5.70%,2.90%,88.1,19.40%,25.80%,58.10%,12.90%,1.38,25.80%,51.60%,22.60%,-0.2,-0.10%,-3.6,44%,100%,67%
230,Luke Maile,33,CIN,41,0.258,52,0.208,0.111,2.40%,26.80%,9.80%,85.3,32.00%,32.00%,36.00%,28.00%,0.56,48.00%,48.00%,4.00%,-0.3,-0.20%,-3.3,30%,,67%
231,Martín Maldonado,37,CHW,52,0.142,-28,0.097,0.083,1.90%,30.80%,5.80%,86.6,36.40%,9.10%,33.30%,39.40%,0.52,39.40%,51.50%,9.10%,-0.6,-0.20%,-5.9,17%,,0%
232,Manuel Margot,29,MIN,61,0.238,46,0.211,0.075,1.60%,24.60%,11.50%,83,35.90%,25.60%,38.50%,23.10%,0.68,15.40%,61.50%,23.10%,-0.8,-0.40%,-7.4,33%,,67%
233,Brandon Marsh,26,PHI,98,0.377,133,0.352,0.247,6.10%,31.60%,7.10%,94,60.00%,30.00%,40.00%,28.30%,0.67,28.30%,53.30%,18.30%,0.1,0.10%,3.4,15%,100%,50%
234,Ketel Marte,30,ARI,135,0.405,157,0.34,0.21,3.70%,17.80%,8.90%,93.3,54.10%,20.20%,53.50%,22.20%,1.15,34.30%,52.50%,13.10%,1.3,0.70%,9.4,41%,100%,62%
235,Starling Marte,35,NYM,111,0.379,135,0.342,0.154,3.60%,21.60%,5.40%,88.2,46.90%,27.20%,46.90%,18.50%,0.97,23.50%,61.70%,14.80%,0.1,0.10%,2.7,38%,100%,54%
236,Austin Martin,25,MIN,68,0.315,97,0.265,0.145,1.50%,17.70%,8.80%,87.2,32.00%,28.00%,42.00%,24.00%,0.72,40.00%,44.00%,16.00%,0.1,0.10%,1.7,79%,100%,33%
237,J.D. Martinez,36,NYM,13,0.31,96,0.5,0.077,0.00%,38.50%,0.00%,88,37.50%,12.50%,37.50%,37.50%,0.6,37.50%,25.00%,37.50%,-0.1,-0.10%,-0.5,0%,,
238,Nick Martini,34,CIN,75,0.292,80,0.229,0.176,4.00%,26.70%,2.70%,86.9,37.30%,23.50%,41.20%,27.50%,0.7,35.30%,49.00%,15.70%,0,0.00%,1.1,71%,0%,60%
239,Michael Massey,26,KCR,29,0.223,33,0.222,0.034,0.00%,6.90%,0.00%,87.1,29.60%,18.50%,55.60%,22.20%,1.25,37.00%,63.00%,0.00%,-0.2,-0.10%,-0.9,67%,,50%
240,Miles Mastrobuoni,28,CHC,13,0.054,-89,0,0,0.00%,23.10%,7.70%,90.4,33.30%,11.10%,55.60%,22.20%,1.25,44.40%,33.30%,22.20%,-0.6,-0.30%,-3.6,200%,,100%
241,Jorge Mateo,29,BAL,39,0.349,113,0.391,0.143,0.00%,30.80%,10.30%,87.4,30.40%,30.40%,39.10%,30.40%,0.64,34.80%,56.50%,8.70%,0,0.00%,1.1,39%,100%,100%
242,Luis Matos,22,SFG,4,0,-118,0,0,0.00%,0.00%,0.00%,85.6,50.00%,0.00%,75.00%,25.00%,3,25.00%,75.00%,0.00%,0,0.00%,-0.7,,,
243,James McCann,34,BAL,43,0.284,84,0.286,0.14,2.30%,16.30%,0.00%,89.3,44.40%,25.00%,41.70%,27.80%,0.71,27.80%,52.80%,19.40%,0.8,0.50%,0.1,50%,,60%
244,Kyle McCann,26,OAK,19,0.471,221,0.375,0.375,10.50%,31.60%,15.80%,86.1,50.00%,20.00%,60.00%,20.00%,1.5,60.00%,30.00%,10.00%,0.7,0.30%,2.7,17%,,0%
245,Jake McCarthy,26,ARI,66,0.337,111,0.4,0.083,0.00%,24.20%,6.10%,81.8,19.60%,21.70%,37.00%,30.40%,0.63,28.30%,60.90%,10.90%,0,0.00%,3.7,36%,67%,29%
246,Chas McCormick,29,HOU,83,0.285,77,0.34,0.042,0.00%,27.70%,10.80%,84.5,34.00%,24.00%,38.00%,28.00%,0.63,22.00%,68.00%,10.00%,-0.6,-0.20%,-0.9,22%,100%,50%
247,Andrew McCutchen,37,PIT,88,0.304,87,0.267,0.145,3.40%,31.80%,11.40%,87.8,43.80%,22.90%,37.50%,31.30%,0.6,25.00%,56.30%,18.80%,-0.8,-0.50%,-4.6,25%,100%,40%
248,Scott McGough,34,ARI,1,0,-124,,0,0.00%,100.00%,0.00%,,,,,,,,,,-0.3,-0.20%,-0.8,,,
249,Reese McGuire,29,BOS,56,0.34,111,0.375,0.137,3.60%,30.40%,8.90%,86.6,38.20%,29.40%,35.30%,32.40%,0.55,29.40%,55.90%,14.70%,0,0.00%,2.6,18%,100%,50%
250,Ryan McKenna,27,BAL,1,0.801,458,1,0,0.00%,0.00%,0.00%,41.2,0.00%,0.00%,100.00%,0.00%,,0.00%,100.00%,0.00%,0,0.00%,0.4,0%,,
251,Zach McKinstry,29,DET,47,0.262,61,0.333,0.049,0.00%,31.90%,8.50%,90.1,33.30%,33.30%,40.70%,22.20%,0.69,44.40%,48.10%,7.40%,-0.4,-0.20%,-1.6,21%,,100%
252,Ryan McMahon,29,COL,122,0.367,128,0.412,0.163,3.30%,27.90%,12.30%,93.1,57.70%,23.60%,54.20%,20.80%,1.18,30.60%,47.20%,22.20%,0.1,0.10%,4.4,16%,0%,40%
253,Jeff McNeil,32,NYM,106,0.307,92,0.272,0.096,0.90%,11.30%,8.50%,86,29.30%,31.30%,34.90%,21.70%,0.56,31.30%,49.40%,19.30%,-0.8,-0.40%,-1,27%,100%,21%
254,Curtis Mead,23,TBR,86,0.262,61,0.288,0.051,1.20%,22.10%,4.70%,89.1,35.00%,35.00%,35.00%,20.00%,0.54,26.70%,53.30%,20.00%,-0.3,-0.20%,-5.7,22%,100%,17%
255,Parker Meadows,24,DET,75,0.209,16,0.114,0.136,2.70%,38.70%,12.00%,83,29.70%,5.40%,24.30%,43.20%,0.33,32.40%,51.40%,16.20%,-0.8,-0.50%,-8.8,54%,100%,67%
256,MJ Melendez,25,KCR,95,0.292,81,0.2,0.198,4.20%,23.20%,9.50%,90.9,40.60%,17.20%,48.40%,28.10%,0.94,35.90%,42.20%,21.90%,0.1,0.00%,-0.9,24%,100%,71%
257,Danny Mendick,30,CHW,33,0.287,75,0.348,0.065,0.00%,24.20%,6.10%,87.4,30.40%,17.40%,47.80%,21.70%,0.92,30.40%,43.50%,26.10%,0,0.00%,-2.9,40%,100%,50%
258,Joey Meneses,32,WSN,105,0.276,72,0.297,0.032,0.00%,20.00%,7.60%,89.1,45.90%,23.00%,50.00%,20.30%,1,27.00%,62.20%,10.80%,-0.4,-0.20%,-3.5,9%,100%,38%
259,Whit Merrifield,35,PHI,46,0.255,45,0.205,0.093,2.20%,6.50%,4.40%,78.6,4.90%,14.60%,31.70%,43.90%,0.48,14.60%,58.50%,26.80%,-0.2,-0.10%,-3.2,40%,100%,25%
260,Jackson Merrill,21,SDP,106,0.328,110,0.342,0.083,0.90%,16.00%,8.50%,89.1,46.30%,25.00%,42.50%,31.30%,0.74,28.80%,55.00%,16.30%,0.2,0.10%,-1.1,31%,67%,44%
261,Matt Mervis,26,CHC,20,0.134,-41,0.143,0,0.00%,20.00%,5.00%,88.9,30.80%,14.30%,42.90%,35.70%,0.75,35.70%,57.10%,7.10%,-0.1,-0.10%,-1.6,0%,,0%
262,Jake Meyers,28,HOU,51,0.326,119,0.212,0.239,5.90%,19.60%,5.90%,88.2,43.20%,16.20%,37.80%,37.80%,0.67,29.70%,56.80%,13.50%,-0.4,-0.20%,1,18%,0%,0%
263,Drew Millas,26,WSN,6,0.178,-23,0.2,0,0.00%,16.70%,0.00%,74.4,0.00%,0.00%,60.00%,20.00%,3,0.00%,100.00%,0.00%,-0.1,-0.10%,-1.1,0%,100%,
264,Owen Miller,27,MIL,12,0.076,-69,0.143,0,0.00%,41.70%,0.00%,86.7,14.30%,28.60%,28.60%,42.90%,0.4,14.30%,85.70%,0.00%,0.1,0.00%,-1.6,100%,,
265,José Miranda,26,MIN,52,0.346,121,0.308,0.2,3.90%,17.30%,1.90%,89.7,34.10%,14.60%,46.30%,34.10%,0.86,34.10%,51.20%,14.60%,-0.2,-0.10%,-1,7%,100%,0%
266,Andruw Monasterio,27,MIL,9,0.157,-12,0,0,0.00%,11.10%,22.20%,83.8,16.70%,0.00%,50.00%,33.30%,1,33.30%,50.00%,16.70%,0,0.00%,-1.4,100%,,50%
267,Yoán Moncada,29,CHW,44,0.348,120,0.379,0.128,0.00%,22.70%,11.40%,90.2,34.50%,31.00%,55.20%,10.30%,1.23,34.50%,34.50%,31.00%,-0.2,-0.10%,-1,25%,100%,0%
268,Mickey Moniak,26,LAA,60,0.19,8,0.189,0.071,1.70%,30.00%,6.70%,83.3,23.70%,10.50%,36.80%,39.50%,0.58,44.70%,42.10%,13.20%,-0.9,-0.50%,-8.5,36%,,50%
269,Elehuris Montero,25,COL,91,0.255,44,0.246,0.061,1.10%,15.40%,7.70%,88.9,39.10%,21.40%,41.40%,28.60%,0.71,27.10%,48.60%,24.30%,-0.9,-0.40%,-11.8,13%,,17%
270,Dylan Moore,31,SEA,65,0.298,86,0.257,0.13,1.50%,29.20%,12.30%,90.1,44.40%,27.80%,16.70%,44.40%,0.2,41.70%,47.20%,11.10%,-0.2,-0.10%,-4.4,26%,83%,100%
271,Christopher Morel,25,CHC,116,0.303,86,0.234,0.163,3.50%,20.70%,9.50%,89.8,43.20%,19.80%,45.70%,24.70%,0.84,44.40%,38.30%,17.30%,-0.5,-0.30%,-4.2,45%,50%,57%
272,Gabriel Moreno,24,ARI,89,0.296,86,0.273,0.091,0.00%,12.40%,12.40%,89.1,36.40%,15.20%,56.10%,25.80%,1.28,21.20%,60.60%,18.20%,-0.5,-0.30%,0.9,30%,0%,50%
273,Ryan Mountcastle,27,BAL,107,0.385,155,0.352,0.2,3.70%,20.60%,9.40%,91.3,48.60%,20.00%,50.70%,22.70%,1.03,24.00%,45.30%,30.70%,1.1,0.60%,6.1,34%,100%,39%
274,Cedric Mullins,29,BAL,103,0.323,105,0.212,0.217,5.80%,21.40%,6.80%,90.2,44.40%,23.60%,38.90%,29.20%,0.64,30.60%,62.50%,6.90%,0.5,0.30%,4.5,50%,86%,56%
275,Max Muncy,33,LAD,117,0.358,123,0.317,0.227,4.30%,29.90%,12.80%,89.9,45.30%,21.50%,24.60%,40.00%,0.33,52.30%,36.90%,10.80%,0.2,0.10%,-1.4,33%,,33%
276,Sean Murphy,29,ATL,3,0.307,87,0,0,0.00%,33.30%,0.00%,89.1,50.00%,0.00%,50.00%,0.00%,1,50.00%,50.00%,0.00%,-0.1,0.00%,-0.4,,,0%
277,Tom Murphy,33,SFG,31,0.162,-6,0.125,0.037,0.00%,35.50%,12.90%,87.4,37.50%,31.30%,50.00%,12.50%,1,31.30%,56.30%,12.50%,-0.2,-0.10%,-3.8,33%,,
278,Dane Myers,28,MIA,5,0.322,97,0.25,0.4,0.00%,20.00%,0.00%,86.8,25.00%,25.00%,75.00%,0.00%,3,50.00%,50.00%,0.00%,0,0.00%,-0.9,100%,,
279,Omar Narváez,32,NYM,37,0.212,26,0.207,0.059,0.00%,13.50%,5.40%,84.5,23.30%,20.00%,36.70%,30.00%,0.61,26.70%,50.00%,23.30%,-0.2,-0.10%,-3.1,38%,,33%
280,Bo Naylor,24,CLE,76,0.291,89,0.306,0.108,2.60%,35.50%,14.50%,89,47.40%,23.70%,31.60%,26.30%,0.46,52.60%,39.50%,7.90%,-0.3,-0.20%,-0.7,27%,50%,14%
281,Josh Naylor,27,CLE,114,0.381,157,0.268,0.253,5.30%,11.40%,8.80%,90.3,42.50%,28.40%,42.00%,19.30%,0.73,39.80%,47.70%,12.50%,0.8,0.50%,4.8,20%,50%,33%
282,Zach Neto,23,LAA,104,0.271,66,0.328,0.103,1.00%,30.80%,5.80%,89.2,32.30%,20.00%,43.10%,26.20%,0.76,27.70%,53.80%,18.50%,-0.3,-0.20%,-4.4,21%,67%,40%
283,Tyler Nevin,27,OAK,80,0.354,135,0.345,0.151,3.80%,20.00%,6.30%,88.6,38.60%,24.10%,46.60%,27.60%,0.87,15.50%,48.30%,36.20%,0.1,0.00%,2,20%,100%,29%
284,Kevin Newman,30,ARI,51,0.231,37,0.154,0.163,3.90%,15.70%,3.90%,86.5,19.50%,22.00%,43.90%,24.40%,0.78,12.20%,63.40%,24.40%,-0.7,-0.40%,-1.4,38%,,33%
285,Tomás Nido,30,NYM,18,0.321,104,0.273,0.235,5.60%,27.80%,5.60%,94.5,66.70%,25.00%,33.30%,33.30%,0.5,33.30%,50.00%,16.70%,-0.2,-0.10%,-1.5,0%,,0%
286,Brandon Nimmo,31,NYM,127,0.339,113,0.25,0.147,2.40%,21.30%,16.50%,92.7,48.00%,29.30%,37.30%,28.00%,0.6,30.70%,53.30%,16.00%,0.6,0.30%,9,28%,100%,11%
287,Ryan Noda,28,OAK,92,0.224,42,0.2,0.076,1.10%,30.40%,12.00%,83.6,31.40%,17.30%,46.20%,21.20%,0.89,48.10%,42.30%,9.60%,-0.7,-0.30%,-6.3,27%,,38%
288,Lars Nootbaar,26,STL,63,0.292,73,0.209,0.132,1.60%,14.30%,14.30%,89.4,51.10%,22.20%,53.30%,17.80%,1.26,28.90%,53.30%,17.80%,-0.2,-0.10%,-0.1,17%,100%,25%
289,Nasim Nuñez,23,WSN,3,0.218,99,0,0,0.00%,0.00%,0.00%,85.6,33.30%,0.00%,100.00%,0.00%,,0.00%,100.00%,0.00%,0,0.00%,-0.4,,50%,100%
290,Ryan O'Hearn,30,BAL,75,0.401,169,0.286,0.254,5.30%,9.30%,10.70%,93,46.60%,30.00%,38.30%,28.30%,0.62,35.00%,48.30%,16.70%,0.5,0.30%,6.9,33%,,33%
291,Logan O'Hoppe,24,LAA,94,0.34,117,0.355,0.141,2.10%,22.30%,6.40%,90.1,43.10%,26.20%,32.30%,29.20%,0.49,29.20%,55.40%,15.40%,-0.3,-0.20%,-0.1,30%,,50%
292,Tyler O'Neill,29,BOS,85,0.491,223,0.341,0.4,10.60%,23.50%,15.30%,91.2,44.00%,20.00%,24.00%,38.00%,0.32,26.00%,52.00%,22.00%,0.7,0.40%,7.5,35%,100%,50%
293,Shohei Ohtani,29,LAD,144,0.459,188,0.375,0.294,4.90%,17.40%,10.40%,94.8,62.70%,35.90%,34.00%,26.20%,0.51,38.80%,47.60%,13.60%,0.2,0.20%,6.3,35%,100%,45%
294,Edward Olivares,28,PIT,66,0.329,107,0.25,0.167,4.60%,19.70%,7.60%,86.4,31.90%,27.70%,44.70%,21.30%,0.81,31.90%,53.20%,14.90%,0.5,0.30%,-1,35%,,40%
295,Matt Olson,30,ATL,119,0.328,101,0.265,0.186,2.50%,26.90%,10.90%,94.6,58.60%,28.20%,38.00%,29.60%,0.61,42.30%,42.30%,15.50%,0.1,0.00%,-4.2,32%,,23%
296,Rafael Ortega,33,CHW,5,0.138,-28,0,0,0.00%,20.00%,20.00%,90,66.70%,0.00%,33.30%,66.70%,0.5,33.30%,33.30%,33.30%,-0.1,0.00%,-1.1,200%,,
297,Joey Ortiz,25,MIL,74,0.361,134,0.327,0.148,1.40%,16.20%,16.20%,87.9,36.00%,20.00%,54.00%,18.00%,1.17,32.00%,46.00%,22.00%,-0.2,-0.20%,0.4,18%,0%,20%
298,James Outman,27,LAD,90,0.246,47,0.231,0.111,2.20%,30.00%,8.90%,87.9,41.50%,29.60%,29.60%,29.60%,0.42,38.90%,35.20%,25.90%,-0.4,-0.30%,-7.9,24%,50%,50%
299,Marcell Ozuna,33,ATL,116,0.452,188,0.338,0.32,7.80%,17.20%,11.20%,92.5,55.40%,28.90%,36.10%,30.10%,0.57,25.30%,60.20%,14.50%,1.3,0.90%,16.2,29%,,0%
300,Cristian Pache,25,PHI,19,0.246,47,0.222,0,0.00%,31.60%,21.10%,92,44.40%,22.20%,44.40%,33.30%,0.8,22.20%,55.60%,22.20%,0.3,0.10%,-1.6,17%,,
301,Andy Pages,23,LAD,51,0.349,124,0.324,0.234,3.90%,19.60%,0.00%,89.4,46.20%,30.80%,25.60%,38.50%,0.34,35.90%,28.20%,35.90%,-0.3,-0.20%,1.1,57%,0%,75%
302,Pedro Pagés,25,STL,3,0.236,40,0,0,0.00%,33.30%,33.30%,95.7,100.00%,100.00%,0.00%,0.00%,0,0.00%,100.00%,0.00%,0,0.00%,0.2,0%,,0%
303,Richie Palacios,27,TBR,79,0.397,159,0.39,0.172,3.80%,25.30%,16.50%,88,29.50%,34.10%,29.50%,29.50%,0.42,38.60%,50.00%,11.40%,0.5,0.30%,5,33%,100%,29%
304,Isaac Paredes,25,TBR,119,0.374,147,0.295,0.226,5.90%,18.50%,7.60%,86.1,28.20%,24.70%,28.20%,29.40%,0.39,38.80%,47.10%,14.10%,0,0.00%,-0.2,20%,,46%
305,Vinnie Pasquantino,26,KCR,115,0.315,99,0.193,0.175,3.50%,10.40%,13.90%,90.9,46.00%,20.70%,46.00%,27.60%,0.85,32.20%,56.30%,11.50%,-0.6,-0.40%,-3.9,31%,,10%
306,Graham Pauley,23,SDP,29,0.202,22,0.154,0.207,6.90%,48.30%,0.00%,87.7,60.00%,26.70%,33.30%,40.00%,0.5,46.70%,40.00%,13.30%,-0.5,-0.30%,-1.5,100%,,100%
307,Joc Pederson,32,ARI,75,0.411,163,0.318,0.2,2.70%,14.70%,17.30%,90.4,47.80%,23.40%,40.40%,25.50%,0.7,36.20%,55.30%,8.50%,0.1,0.10%,3.3,26%,,67%
308,Jeremy Peña,26,HOU,115,0.352,130,0.356,0.128,2.60%,13.90%,4.40%,88.9,40.70%,25.80%,43.00%,23.70%,0.75,24.70%,54.80%,20.40%,-1.3,-0.50%,-6,32%,67%,46%
309,Geraldo Perdomo,24,ARI,27,0.331,106,0.286,0.042,0.00%,11.10%,7.40%,87.8,19.00%,38.10%,33.30%,28.60%,0.5,42.90%,28.60%,28.60%,0.1,0.00%,0.7,33%,,0%
310,Jhonny Pereda,28,MIA,5,0,-127,0,0,0.00%,20.00%,0.00%,95.3,75.00%,0.00%,50.00%,50.00%,1,25.00%,50.00%,25.00%,-0.2,0.00%,-1.2,,,
311,Salvador Perez,34,KCR,114,0.429,183,0.345,0.25,6.10%,11.40%,7.90%,92.3,52.70%,24.20%,30.80%,37.40%,0.44,37.40%,46.20%,16.50%,1.5,0.90%,14.4,15%,,13%
312,Wenceel Pérez,24,DET,39,0.375,143,0.375,0.229,2.60%,25.60%,10.30%,88.8,36.00%,28.00%,24.00%,32.00%,0.32,24.00%,48.00%,28.00%,0.2,0.10%,1.1,23%,67%,100%
313,Blake Perkins,27,MIL,89,0.375,139,0.36,0.16,3.40%,24.70%,12.40%,88.8,47.20%,15.10%,60.40%,20.80%,1.6,26.40%,54.70%,18.90%,0.3,0.20%,4.7,38%,67%,33%
314,Jace Peterson,34,ARI,26,0.117,-42,0.059,0,0.00%,23.10%,11.50%,82.6,23.50%,23.50%,76.50%,0.00%,3.25,58.80%,29.40%,11.80%,-0.7,-0.40%,-4.3,50%,,0%
315,Tommy Pham,36,CHW,15,0.354,129,0.385,0,0.00%,13.30%,0.00%,84.3,23.10%,38.50%,38.50%,7.70%,0.63,0.00%,76.90%,23.10%,-0.1,0.00%,0.6,60%,,0%
316,Kevin Pillar,35,CHW,32,0.307,82,0.176,0.2,3.10%,25.00%,12.50%,84.9,36.80%,15.80%,26.30%,36.80%,0.38,36.80%,47.40%,15.80%,-0.1,-0.10%,-1.5,0%,100%,
317,René Pinto,27,TBR,49,0.309,100,0.304,0.214,4.10%,36.70%,8.20%,91.4,61.50%,19.20%,15.40%,50.00%,0.19,23.10%,38.50%,38.50%,-0.4,-0.20%,-0.1,25%,,0%
318,Jorge Polanco,30,SEA,117,0.267,76,0.224,0.094,2.60%,29.90%,17.10%,86.6,37.70%,23.00%,39.30%,34.40%,0.65,34.40%,49.20%,16.40%,0,0.00%,-1.5,21%,33%,33%
319,Jurickson Profar,31,SDP,122,0.395,154,0.338,0.184,3.30%,16.40%,13.90%,88.6,41.70%,31.00%,35.70%,23.80%,0.58,33.30%,51.20%,15.50%,0.7,0.30%,8.8,27%,100%,31%
320,Ceddanne Rafaela,23,BOS,106,0.258,55,0.236,0.163,1.90%,25.50%,3.80%,84.4,33.80%,28.40%,29.70%,31.10%,0.43,24.30%,52.70%,23.00%,-1.2,-0.70%,-3.7,59%,67%,50%
321,Cal Raleigh,27,SEA,96,0.329,117,0.289,0.214,6.30%,35.40%,11.50%,94.3,56.00%,15.70%,43.10%,35.30%,0.76,37.30%,41.20%,21.60%,-0.1,-0.10%,0.4,25%,,17%
322,Luke Raley,29,SEA,53,0.22,34,0.306,0.058,0.00%,30.20%,0.00%,85,33.30%,19.40%,47.20%,19.40%,1,30.60%,50.00%,19.40%,-0.5,-0.30%,-6,25%,100%,50%
323,Harold Ramírez,29,TBR,106,0.264,66,0.294,0.049,0.90%,17.00%,1.90%,84.5,32.50%,20.90%,61.60%,12.80%,1.61,18.60%,53.50%,27.90%,-0.4,-0.20%,-1.9,41%,75%,53%
324,José Ramírez,31,CLE,121,0.324,108,0.255,0.191,4.10%,10.70%,3.30%,88.7,37.90%,23.30%,35.90%,32.00%,0.56,38.80%,44.70%,16.50%,0.5,0.30%,8.2,47%,80%,64%
325,J.T. Realmuto,33,PHI,106,0.32,104,0.288,0.184,4.70%,26.40%,5.70%,88.2,45.10%,22.50%,45.10%,22.50%,0.82,38.00%,49.30%,12.70%,-0.1,-0.10%,-2.8,35%,33%,57%
326,Rob Refsnyder,33,BOS,31,0.509,247,0.444,0.375,3.20%,16.10%,16.10%,87.4,35.00%,21.10%,47.40%,15.80%,0.9,42.10%,52.60%,5.30%,0.2,0.10%,4.6,36%,50%,17%
327,Zach Remillard,30,CHW,5,0.16,-12,0.5,0,0.00%,60.00%,0.00%,61.8,0.00%,0.00%,50.00%,0.00%,,50.00%,50.00%,0.00%,0,0.00%,-0.7,100%,,100%
328,Anthony Rendon,34,LAA,83,0.32,100,0.328,0.04,0.00%,18.10%,7.20%,88.9,38.30%,19.70%,34.40%,36.10%,0.53,30.00%,41.70%,28.30%,0.5,0.30%,-0.7,33%,75%,40%
329,Hunter Renfroe,32,KCR,83,0.24,45,0.175,0.118,2.40%,20.50%,8.40%,87.1,30.50%,13.60%,42.40%,25.40%,0.74,33.90%,52.50%,13.60%,-0.8,-0.50%,-4.3,29%,,57%
330,Luis Rengifo,27,LAA,86,0.352,108,0.349,0.114,1.20%,17.40%,5.80%,83.8,29.20%,23.10%,56.90%,15.40%,1.37,38.50%,47.70%,13.80%,-0.1,-0.10%,1.3,43%,100%,56%
331,Pablo Reyes,30,BOS,64,0.198,20,0.268,0.033,0.00%,29.70%,4.70%,88,31.70%,17.10%,46.30%,31.70%,0.86,22.00%,51.20%,26.80%,-0.2,-0.20%,-5.2,27%,33%,33%
332,Bryan Reynolds,29,PIT,137,0.35,119,0.291,0.145,2.90%,19.70%,14.60%,87.3,38.90%,17.80%,50.00%,31.10%,1,37.80%,40.00%,22.20%,-0.3,-0.20%,3.2,16%,100%,42%
333,Austin Riley,27,ATL,123,0.31,89,0.299,0.144,1.60%,26.00%,8.10%,91.2,49.40%,25.30%,39.20%,29.10%,0.65,25.30%,58.20%,16.50%,-0.6,-0.40%,-3,40%,,70%
334,Leo Rivas,26,SEA,2,0.803,460,1,1,0.00%,50.00%,0.00%,93.7,0.00%,0.00%,0.00%,100.00%,0,100.00%,0.00%,0.00%,0.1,0.10%,0.7,100%,,0%
335,Emmanuel Rivera,28,MIA,63,0.271,59,0.289,0.035,0.00%,19.10%,7.90%,92.2,51.10%,15.60%,53.30%,26.70%,1.14,15.60%,57.80%,26.70%,-0.3,0.00%,-3.6,16%,100%,50%
336,Anthony Rizzo,34,NYY,127,0.344,121,0.313,0.164,3.90%,22.10%,6.30%,86.5,34.10%,25.00%,35.20%,25.00%,0.54,42.00%,37.50%,20.50%,-0.2,-0.20%,2.7,27%,,36%
337,Luis Robert Jr.,26,CHW,29,0.322,99,0.267,0.286,6.90%,37.90%,3.50%,92.4,64.70%,11.80%,47.10%,41.20%,0.89,11.80%,70.60%,17.60%,-0.2,-0.10%,-1.5,20%,100%,100%
338,Víctor Robles,27,WSN,5,0.525,179,0,0,0.00%,20.00%,60.00%,82.3,0.00%,100.00%,0.00%,0.00%,0,0.00%,100.00%,0.00%,0.1,0.10%,0.4,67%,100%,100%
339,Brayan Rocchio,23,CLE,90,0.296,87,0.27,0.089,0.00%,18.90%,8.90%,86.1,25.00%,25.00%,48.40%,18.80%,1,32.80%,51.60%,15.60%,-0.6,-0.40%,-4.7,46%,80%,46%
340,Brendan Rodgers,27,COL,87,0.299,74,0.316,0.123,1.20%,26.40%,6.90%,87.5,39.70%,20.70%,56.90%,19.00%,1.32,12.10%,67.20%,20.70%,-0.4,-0.20%,-5.4,38%,,14%
341,Julio Rodríguez,23,SEA,120,0.287,82,0.387,0.053,0.80%,30.80%,5.00%,91.4,46.10%,30.30%,42.10%,21.10%,0.73,22.40%,57.90%,19.70%,-0.5,-0.30%,-1.8,28%,78%,23%
342,Jake Rogers,29,DET,61,0.239,44,0.219,0.109,3.30%,34.40%,6.60%,90.8,45.50%,29.40%,38.20%,26.50%,0.62,32.40%,61.80%,5.90%,-0.4,-0.30%,-3.4,46%,,71%
343,Johan Rojas,23,PHI,87,0.299,74,0.288,0.063,0.00%,14.90%,6.90%,78.6,16.40%,11.90%,49.30%,17.90%,1.06,22.40%,50.70%,26.90%,-0.5,-0.30%,-4.6,35%,88%,55%
344,Josh Rojas,30,SEA,73,0.387,162,0.34,0.215,4.10%,16.40%,9.60%,87.6,35.80%,30.20%,35.80%,26.40%,0.56,32.10%,45.30%,22.60%,0.6,0.40%,0.8,29%,50%,50%
345,Miguel Rojas,35,LAD,48,0.378,134,0.278,0.209,4.20%,10.40%,10.40%,87.3,36.80%,31.60%,39.50%,26.30%,0.65,21.10%,55.30%,23.70%,-0.2,-0.10%,1.2,33%,100%,80%
346,Brent Rooker,29,OAK,73,0.334,122,0.3,0.273,6.90%,42.50%,8.20%,91.2,48.60%,20.00%,20.00%,45.70%,0.25,22.90%,60.00%,17.10%,0.1,0.00%,1.5,19%,,50%
347,Ben Rortvedt,26,TBR,55,0.402,164,0.531,0.064,0.00%,27.30%,14.60%,89.8,40.60%,37.50%,31.30%,28.10%,0.45,37.50%,43.80%,18.80%,0.7,0.30%,3.8,32%,100%,17%
348,Amed Rosario,28,TBR,100,0.362,137,0.358,0.134,2.00%,14.00%,3.00%,86.9,43.40%,26.50%,48.20%,20.50%,0.93,26.50%,50.60%,22.90%,0.6,0.40%,1.9,19%,75%,43%
349,Eddie Rosario,32,WSN,70,0.144,-18,0.102,0.077,1.40%,22.90%,5.70%,88.5,40.00%,14.00%,48.00%,32.00%,0.92,40.00%,50.00%,10.00%,-1,-0.50%,-10.5,33%,67%,
350,Eguy Rosario,24,SDP,50,0.371,140,0.346,0.304,6.00%,34.00%,4.00%,87.4,51.70%,23.30%,33.30%,30.00%,0.53,40.00%,43.30%,16.70%,-0.6,-0.40%,-3,8%,,50%
351,Esteury Ruiz,25,OAK,42,0.35,140,0.28,0.278,4.80%,23.80%,7.10%,88.3,46.40%,21.40%,25.00%,35.70%,0.35,25.00%,60.70%,14.30%,0,0.00%,0.5,36%,60%,100%
352,Keibert Ruiz,25,WSN,51,0.241,49,0.139,0.13,3.90%,15.70%,5.90%,85.4,34.20%,15.80%,42.10%,23.70%,0.73,23.70%,65.80%,10.50%,-0.2,-0.10%,-5.4,10%,,50%
353,Adley Rutschman,26,BAL,123,0.356,136,0.352,0.132,3.30%,16.30%,5.70%,90.6,49.50%,26.30%,32.60%,36.80%,0.48,29.50%,53.70%,16.80%,0.3,0.20%,6.5,33%,,47%
354,Gary Sánchez,31,MIL,52,0.348,120,0.2,0.255,5.80%,17.30%,5.80%,91.6,52.60%,13.20%,42.10%,36.80%,0.73,37.80%,51.40%,10.80%,0.3,0.20%,-0.7,17%,,50%
355,Jesús Sánchez,26,MIA,71,0.305,76,0.298,0.09,2.80%,25.40%,4.20%,94.7,55.10%,18.40%,63.30%,14.30%,1.72,22.40%,69.40%,8.20%,0.1,0.10%,-0.7,17%,100%,14%
356,Miguel Sanó,31,LAA,71,0.319,101,0.441,0.098,1.40%,38.00%,11.30%,97,62.90%,31.40%,45.70%,17.10%,0.84,17.10%,62.90%,20.00%,-0.2,-0.10%,-3.1,29%,,20%
357,Carlos Santana,38,MIN,102,0.269,69,0.191,0.163,3.90%,19.60%,7.80%,91.1,40.30%,19.40%,41.70%,29.20%,0.71,37.50%,55.60%,6.90%,-0.7,-0.40%,-6,22%,,33%
358,Anthony Santander,29,BAL,117,0.312,105,0.22,0.21,3.40%,17.10%,6.80%,87.1,32.90%,30.20%,29.10%,24.40%,0.41,29.10%,53.50%,17.40%,0,0.00%,-0.9,31%,,63%
359,Nolan Schanuel,22,LAA,92,0.307,93,0.267,0.076,2.20%,19.60%,9.80%,85.5,30.20%,15.90%,54.00%,23.80%,1.21,41.30%,47.60%,11.10%,-0.1,-0.10%,0,22%,,38%
360,Davis Schneider,25,TOR,70,0.366,140,0.293,0.213,4.30%,24.30%,10.00%,91.4,47.70%,20.50%,31.80%,36.40%,0.47,25.00%,61.40%,13.60%,0.7,0.30%,3.4,29%,,75%
361,Max Schuemann,27,OAK,27,0.231,41,0.125,0.13,3.70%,25.90%,7.40%,88.4,47.10%,11.80%,35.30%,41.20%,0.6,0.00%,76.50%,23.50%,-0.2,-0.10%,-2.5,40%,100%,50%
362,Kyle Schwarber,31,PHI,138,0.317,98,0.242,0.184,5.10%,31.90%,15.20%,93,56.20%,19.20%,41.10%,28.80%,0.7,47.90%,46.60%,5.50%,0.2,0.10%,-1.8,43%,50%,58%
363,Victor Scott II,23,STL,65,0.15,-24,0.109,0.051,0.00%,23.10%,3.10%,86.9,26.10%,17.40%,41.30%,28.30%,0.73,23.90%,63.00%,13.00%,-0.8,-0.40%,-8,67%,100%,25%
364,Corey Seager,30,TEX,114,0.286,78,0.275,0.079,1.80%,16.70%,10.50%,89.1,37.80%,19.50%,42.70%,32.90%,0.74,32.90%,52.40%,14.60%,-0.1,-0.10%,1.1,29%,,18%
365,Marcus Semien,33,TEX,130,0.341,117,0.255,0.176,3.90%,12.30%,8.50%,88.2,34.00%,32.00%,34.00%,26.20%,0.51,32.00%,52.40%,15.50%,0.3,0.20%,6.1,39%,100%,39%
366,Nick Senzel,29,WSN,44,0.381,157,0.174,0.41,11.40%,25.00%,6.80%,84.9,35.70%,10.70%,35.70%,39.30%,0.59,17.90%,64.30%,17.90%,0,0.00%,0.6,25%,0%,0%
367,Brian Serven,29,TOR,10,0.141,-23,0,0,0.00%,40.00%,10.00%,61.2,0.00%,0.00%,50.00%,25.00%,2,50.00%,50.00%,0.00%,0,0.00%,-0.6,50%,,
368,Gavin Sheets,28,CHW,96,0.372,140,0.317,0.198,3.10%,19.80%,11.50%,89.7,38.10%,41.30%,27.00%,25.40%,0.37,36.50%,50.80%,12.70%,0.4,0.10%,5.9,18%,100%,36%
369,Austin Shenton,26,TBR,36,0.281,80,0.263,0.212,2.80%,36.10%,8.30%,86.3,30.00%,30.00%,25.00%,35.00%,0.33,20.00%,40.00%,40.00%,-0.2,-0.10%,-2.2,25%,,50%
370,Braden Shewmake,26,CHW,43,0.229,21,0.171,0.122,2.30%,14.00%,2.30%,87,30.60%,19.40%,41.70%,25.00%,0.75,44.40%,27.80%,27.80%,-0.5,-0.20%,-4.8,29%,100%,100%
371,Zack Short,29,NYM,12,0.165,22,0.2,0,0.00%,33.30%,16.70%,77.1,16.70%,16.70%,33.30%,16.70%,0.67,16.70%,50.00%,33.30%,-0.1,0.00%,-1.9,67%,0%,
372,Michael Siani,24,STL,48,0.21,5,0.16,0.054,0.00%,25.00%,10.40%,72.5,13.30%,13.30%,53.30%,6.70%,2.29,36.70%,43.30%,20.00%,-0.5,-0.20%,-5.1,90%,100%,75%
373,Jon Singleton,32,HOU,47,0.277,75,0.333,0.048,0.00%,25.50%,10.60%,87.5,34.50%,23.30%,46.70%,26.70%,0.88,36.70%,46.70%,16.70%,-0.7,-0.30%,-6.2,20%,,0%
374,Jose Siri,28,TBR,96,0.253,60,0.326,0.083,1.00%,42.70%,8.30%,89.4,45.50%,29.50%,45.50%,22.70%,0.83,27.30%,56.80%,15.90%,-0.4,-0.30%,-6.2,33%,67%,80%
375,Austin Slater,31,SFG,36,0.201,27,0.136,0,0.00%,19.40%,19.40%,88.7,36.40%,18.20%,59.10%,22.70%,1.44,13.60%,59.10%,27.30%,-0.6,-0.30%,-7.2,30%,50%,29%
376,Josh Smith,26,TEX,92,0.379,146,0.359,0.152,1.10%,15.20%,9.80%,85.3,32.30%,30.80%,36.90%,26.20%,0.6,40.00%,52.30%,7.70%,0.8,0.50%,7.4,31%,,67%
377,Pavin Smith,28,ARI,16,0.304,87,0.154,0.267,6.30%,6.30%,6.30%,88.4,28.60%,14.30%,35.70%,35.70%,0.56,21.40%,50.00%,28.60%,-0.1,0.00%,2.8,100%,,0%
378,Will Smith,29,LAD,114,0.408,162,0.395,0.176,2.60%,14.00%,7.90%,90.5,43.20%,25.80%,39.30%,29.20%,0.65,29.20%,48.30%,22.50%,0.8,0.50%,8.7,30%,0%,50%
379,Jorge Soler,32,SFG,118,0.32,104,0.254,0.186,4.20%,26.30%,11.90%,88.7,40.30%,18.10%,33.30%,38.90%,0.5,26.40%,54.20%,19.40%,-0.4,-0.20%,-5.4,28%,,18%
380,Edmundo Sosa,28,PHI,18,0.419,167,0.364,0.25,5.60%,22.20%,5.60%,89.8,33.30%,16.70%,25.00%,50.00%,0.33,41.70%,33.30%,25.00%,0.1,0.10%,1.1,17%,,0%
381,Lenyn Sosa,24,CHW,40,0.175,-4,0.2,0.053,0.00%,32.50%,2.50%,86.2,34.60%,30.80%,42.30%,23.10%,0.79,23.10%,61.50%,15.40%,-0.5,-0.10%,-6.1,33%,,0%
382,Juan Soto,25,NYY,140,0.43,184,0.319,0.237,5.00%,12.90%,17.10%,94.4,57.10%,26.50%,40.80%,25.50%,0.7,34.00%,49.50%,16.50%,1.3,0.80%,15.8,26%,67%,33%
383,George Springer,34,TOR,124,0.298,87,0.236,0.118,2.40%,14.50%,11.30%,86.8,35.90%,26.10%,50.00%,19.60%,1,19.60%,57.60%,22.80%,-0.4,-0.20%,-5.8,23%,100%,50%
384,Jacob Stallings,34,COL,31,0.402,146,0.364,0.08,0.00%,12.90%,9.70%,86.7,33.30%,18.20%,50.00%,27.30%,1,40.90%,50.00%,9.10%,-0.1,0.00%,-1.1,23%,,20%
385,Giancarlo Stanton,34,NYY,104,0.343,120,0.293,0.24,5.80%,30.80%,7.70%,91.7,50.00%,20.30%,46.90%,26.60%,0.88,31.30%,56.30%,12.50%,-0.1,0.00%,-0.2,36%,,27%
386,Spencer Steer,26,CIN,124,0.379,126,0.295,0.175,2.40%,18.60%,13.70%,90.3,50.00%,27.20%,37.00%,28.40%,0.59,28.40%,46.90%,24.70%,0.6,0.30%,8.6,30%,100%,38%
387,Tyler Stephenson,27,CIN,77,0.365,124,0.261,0.185,3.90%,22.10%,13.00%,93.4,57.10%,18.40%,53.10%,28.60%,1.13,34.70%,53.10%,12.20%,0.3,0.10%,4.8,39%,100%,40%
388,DJ Stewart,30,NYM,66,0.367,133,0.212,0.22,4.60%,22.70%,19.70%,90,44.40%,13.90%,47.20%,36.10%,0.89,52.80%,38.90%,8.30%,0.1,0.00%,1.3,9%,100%,20%
389,Trevor Story,31,BOS,34,0.256,57,0.318,0.097,0.00%,26.50%,8.80%,88.1,22.70%,36.40%,22.70%,36.40%,0.29,18.20%,45.50%,36.40%,-0.4,-0.20%,-2.5,10%,50%,0%
390,Bryson Stott,26,PHI,99,0.311,88,0.235,0.14,3.00%,17.20%,10.10%,85.4,30.00%,23.90%,43.70%,22.50%,0.78,36.60%,43.70%,19.70%,0.4,0.30%,0.5,33%,83%,33%
391,Garrett Stubbs,31,PHI,21,0.249,42,0.2,0,0.00%,19.10%,9.50%,77.2,6.70%,26.70%,46.70%,20.00%,1,53.30%,40.00%,6.70%,-0.2,-0.10%,-2.1,20%,100%,50%
392,Eugenio Suárez,32,ARI,122,0.288,76,0.307,0.11,1.60%,27.90%,6.60%,88.5,35.10%,26.00%,37.70%,31.20%,0.6,33.80%,50.60%,15.60%,0.1,0.10%,0.8,41%,,54%
393,Brett Sullivan,30,SDP,2,0,-118,,0,0.00%,100.00%,0.00%,,,,,,,,,,0,0.00%,-0.9,,,
394,Jack Suwinski,25,PIT,103,0.271,64,0.2,0.111,1.90%,18.50%,11.70%,88,36.60%,25.00%,41.70%,22.20%,0.71,31.90%,56.90%,11.10%,-0.2,-0.10%,-7,39%,100%,50%
395,Seiya Suzuki,29,CHC,68,0.379,142,0.395,0.22,4.40%,29.40%,8.80%,94.6,53.70%,26.80%,43.90%,24.40%,0.78,22.00%,56.10%,22.00%,0.4,0.20%,6.8,36%,0%,57%
396,Dansby Swanson,30,CHC,115,0.308,89,0.31,0.135,2.60%,27.00%,7.80%,88.8,41.90%,24.30%,47.30%,24.30%,0.9,29.70%,52.70%,17.60%,-0.2,-0.10%,-0.2,47%,60%,44%
397,Fernando Tatis Jr.,25,SDP,139,0.334,112,0.253,0.195,4.30%,19.40%,10.10%,92,55.80%,22.70%,44.30%,28.90%,0.8,29.90%,55.70%,14.40%,0.5,0.30%,2,37%,75%,56%
398,Mike Tauchman,33,CHC,88,0.416,164,0.353,0.211,3.40%,19.30%,17.10%,88.5,42.60%,20.40%,42.60%,29.60%,0.74,18.50%,59.30%,22.20%,0.9,0.60%,7.6,40%,50%,47%
399,Leody Taveras,25,TEX,97,0.256,60,0.274,0.079,0.00%,16.50%,7.20%,87.2,33.80%,27.00%,37.80%,28.40%,0.62,24.30%,45.90%,29.70%,-0.9,-0.50%,-11.4,22%,50%,25%
400,Chris Taylor,33,LAD,58,0.176,-2,0.115,0,0.00%,39.70%,12.10%,82.5,22.20%,22.20%,48.10%,14.80%,1,22.20%,70.40%,7.40%,-0.2,-0.20%,-6.2,18%,50%,33%
401,Michael A. Taylor,33,PIT,81,0.285,69,0.391,0.042,0.00%,34.60%,6.20%,85.3,38.30%,22.90%,45.80%,18.80%,0.96,27.10%,56.30%,16.70%,-0.4,-0.30%,-4.7,35%,100%,50%
402,Samad Taylor,25,SEA,5,0.341,125,0.5,0,0.00%,20.00%,0.00%,75.5,25.00%,0.00%,50.00%,0.00%,2,0.00%,25.00%,75.00%,0.1,0.10%,0.5,100%,,0%
403,Tyrone Taylor,30,NYM,66,0.343,114,0.313,0.148,3.00%,18.20%,4.60%,85.5,33.30%,27.50%,35.30%,19.60%,0.58,33.30%,49.00%,17.60%,-0.4,-0.20%,0,22%,100%,29%
404,Rowdy Tellez,29,PIT,92,0.266,63,0.254,0.062,1.10%,23.90%,9.80%,89.6,45.00%,25.00%,36.70%,26.70%,0.58,31.70%,51.70%,16.70%,-0.6,-0.30%,-4.6,24%,,22%
405,Matt Thaiss,29,LAA,23,0.387,150,0.545,0.105,0.00%,34.80%,17.40%,94.5,54.50%,45.50%,18.20%,27.30%,0.22,27.30%,45.50%,27.30%,0,0.00%,2.9,30%,,75%
406,Alek Thomas,24,ARI,14,0.304,87,0.2,0.286,7.10%,21.40%,0.00%,91.6,54.50%,9.10%,72.70%,18.20%,2.67,63.60%,36.40%,0.00%,-0.3,-0.20%,-2,50%,,0%
407,Lane Thomas,28,WSN,96,0.266,51,0.212,0.069,2.10%,20.80%,8.30%,88.2,36.80%,25.00%,32.40%,27.90%,0.48,26.50%,45.60%,27.90%,-0.3,-0.20%,-4.6,18%,92%,67%
408,Bubba Thompson,26,CIN,18,0.191,-41,0.286,0.056,0.00%,61.10%,0.00%,85.7,28.60%,28.60%,57.10%,14.30%,1.33,42.90%,42.90%,14.30%,0.1,0.10%,-4.1,250%,100%,100%
409,Michael Toglia,25,COL,49,0.217,17,0.043,0.255,8.20%,40.80%,2.00%,91.5,55.60%,7.40%,44.40%,44.40%,0.8,44.40%,40.70%,14.80%,-0.7,-0.30%,-6.9,100%,,33%
410,Spencer Torkelson,24,DET,116,0.261,60,0.275,0.078,0.00%,20.70%,8.60%,88.1,36.30%,16.30%,35.00%,32.50%,0.54,37.50%,50.00%,12.50%,-0.7,-0.50%,-4.6,30%,,50%
411,Abraham Toro,27,OAK,92,0.298,94,0.286,0.141,2.20%,21.70%,5.40%,86.1,26.20%,20.00%,36.90%,30.80%,0.59,26.20%,55.40%,18.50%,0.4,0.10%,0.5,28%,100%,0%
412,Gleyber Torres,27,NYY,129,0.272,68,0.31,0.035,0.00%,24.00%,8.50%,87.8,31.80%,23.50%,36.50%,27.10%,0.58,20.00%,44.70%,35.30%,-0.6,-0.40%,-8,36%,75%,53%
413,Ezequiel Tovar,22,COL,120,0.351,107,0.412,0.138,2.50%,32.50%,5.80%,88.9,40.30%,23.60%,33.30%,33.30%,0.51,30.60%,52.80%,16.70%,0.9,0.30%,0,24%,100%,50%
414,Taylor Trammell,26,TOT,8,0.199,12,0.25,0,0.00%,37.50%,12.50%,82,25.00%,0.00%,50.00%,25.00%,1,25.00%,50.00%,25.00%,-0.1,-0.10%,-0.2,100%,,0%
415,Taylor Trammell,26,LAD,6,0,-126,0,0,0.00%,50.00%,0.00%,74.6,0.00%,0.00%,33.30%,33.30%,0.5,33.30%,33.30%,33.30%,-0.1,-0.10%,-1.5,,,
416,Taylor Trammell,26,NYY,2,0.796,449,1,0,0.00%,0.00%,50.00%,104.1,100.00%,0.00%,100.00%,0.00%,,0.00%,100.00%,0.00%,0,0.00%,1.3,100%,,0%
417,Alan Trejo,28,COL,22,0.083,-76,0.125,0,0.00%,27.30%,0.00%,87,31.30%,18.80%,56.30%,25.00%,1.29,6.30%,75.00%,18.80%,-0.3,-0.10%,-4.1,0%,,0%
418,Jose Trevino,31,NYY,56,0.328,109,0.286,0.12,3.60%,12.50%,8.90%,87.7,31.80%,29.50%,36.40%,29.50%,0.57,25.00%,52.30%,22.70%,-0.4,-0.20%,-2.2,35%,,75%
419,Jared Triolo,26,PIT,110,0.266,64,0.263,0.051,0.90%,20.00%,10.00%,86.7,32.50%,24.70%,48.10%,27.30%,0.93,18.20%,59.70%,22.10%,-0.5,-0.30%,-3,13%,67%,17%
420,Chadwick Tromp,29,ATL,28,0.289,74,0.412,0.115,0.00%,35.70%,3.60%,87.2,29.40%,29.40%,41.20%,29.40%,0.7,41.20%,47.10%,11.80%,-0.3,-0.20%,1.4,13%,,0%
421,Mike Trout,32,LAA,126,0.377,138,0.194,0.321,7.90%,21.40%,12.70%,89.2,41.50%,23.20%,24.40%,39.00%,0.32,26.80%,46.30%,26.80%,-0.2,-0.10%,-0.5,23%,86%,43%
422,Cole Tucker,27,LAA,4,0.337,162,0.333,0,0.00%,0.00%,25.00%,77.8,0.00%,0.00%,100.00%,0.00%,,33.30%,66.70%,0.00%,0.1,0.00%,0.5,0%,50%,0%
423,Kyle Tucker,27,HOU,127,0.418,172,0.3,0.262,5.50%,15.80%,15.00%,90.9,48.80%,29.90%,25.30%,41.40%,0.34,31.00%,44.80%,24.10%,0.7,0.20%,9.6,28%,100%,23%
424,Brice Turang,24,MIL,100,0.38,120,0.333,0.122,2.00%,14.00%,9.00%,86.5,33.80%,20.80%,50.60%,22.10%,1.15,24.70%,50.60%,24.70%,0.4,0.30%,3.6,35%,100%,58%
425,Justin Turner,39,TOR,105,0.395,168,0.343,0.222,3.80%,17.10%,10.50%,89.4,40.50%,31.10%,24.30%,36.50%,0.32,31.10%,51.40%,17.60%,0.5,0.20%,2,30%,0%,39%
426,Trea Turner,31,PHI,136,0.399,148,0.41,0.128,1.50%,16.90%,6.60%,90.5,47.10%,22.50%,46.10%,23.50%,0.85,37.30%,51.00%,11.80%,0.4,0.20%,4.2,44%,88%,56%
427,Luis Urías,27,SEA,36,0.319,109,0.2,0.29,5.60%,38.90%,8.30%,87.5,47.10%,29.40%,23.50%,35.30%,0.31,35.30%,47.10%,17.60%,0.2,0.10%,2.1,13%,,0%
428,Ramón Urías,30,BAL,47,0.216,35,0.184,0.087,2.10%,14.90%,2.10%,83.8,17.90%,10.30%,59.00%,20.50%,1.44,25.60%,53.80%,20.50%,-0.4,-0.30%,-4.6,50%,,50%
429,Gio Urshela,32,DET,58,0.299,88,0.362,0.035,0.00%,17.20%,1.70%,84.3,23.40%,40.40%,44.70%,10.60%,0.81,12.80%,66.00%,21.30%,0.3,0.20%,-1.6,22%,,17%
430,Enmanuel Valdez,25,BOS,90,0.195,12,0.182,0.11,2.20%,31.10%,4.40%,89.3,44.60%,17.20%,31.00%,37.90%,0.47,37.90%,48.30%,13.80%,-0.8,-0.50%,-8.3,36%,0%,33%
431,Ildemaro Vargas,32,WSN,57,0.354,141,0.364,0.1,0.00%,10.50%,12.30%,87.2,40.90%,25.00%,54.50%,15.90%,1.26,36.40%,43.20%,20.50%,-0.2,-0.10%,0.9,22%,40%,22%
432,Daulton Varsho,27,TOR,102,0.362,132,0.259,0.267,5.90%,25.50%,11.80%,85.8,37.50%,20.30%,37.50%,23.40%,0.62,46.90%,35.90%,17.20%,0.9,0.50%,6.3,41%,100%,42%
433,Andrew Vaughn,26,CHW,111,0.227,35,0.257,0.05,0.00%,27.90%,7.20%,89.9,37.10%,22.90%,41.40%,25.70%,0.71,15.70%,62.90%,21.40%,-1.2,-0.40%,-10.3,25%,100%,38%
434,Christian Vázquez,33,MIN,61,0.278,68,0.3,0.054,1.60%,26.20%,3.30%,89.8,46.50%,27.90%,37.20%,27.90%,0.64,23.30%,60.50%,16.30%,-0.7,-0.30%,-4.2,29%,100%,0%
435,Nelson Velázquez,25,KCR,93,0.308,92,0.333,0.131,2.20%,33.30%,8.60%,88,37.70%,18.90%,45.30%,30.20%,0.83,32.10%,47.20%,20.80%,-0.4,-0.30%,-2.2,42%,100%,57%
436,Alex Verdugo,28,NYY,120,0.356,131,0.256,0.178,3.30%,8.30%,12.50%,86.6,34.00%,21.30%,48.90%,25.50%,0.96,35.10%,40.40%,24.50%,0.1,0.10%,-2.4,33%,50%,27%
437,Mark Vientos,24,NYM,7,0.557,267,0.333,0.429,14.30%,0.00%,0.00%,90,42.90%,0.00%,57.10%,42.90%,1.33,0.00%,71.40%,28.60%,0.5,0.20%,1.6,0%,,
438,Matt Vierling,27,DET,78,0.322,104,0.339,0.147,2.60%,21.80%,2.60%,92.6,50.00%,37.90%,27.60%,20.70%,0.39,25.90%,51.70%,22.40%,-0.5,-0.30%,-5.1,41%,,75%
439,Daniel Vogelbach,31,TOR,23,0.244,52,0.167,0.056,0.00%,26.10%,21.70%,89.1,41.70%,25.00%,16.70%,50.00%,0.2,25.00%,58.30%,16.70%,-0.2,-0.10%,-0.4,14%,,0%
440,Anthony Volpe,23,NYY,132,0.356,123,0.329,0.132,2.30%,19.70%,10.60%,87.6,38.60%,25.80%,48.30%,21.30%,0.96,18.00%,59.60%,22.50%,0.4,0.20%,5.9,39%,88%,36%
441,LaMonte Wade Jr.,30,SFG,78,0.399,161,0.476,0.113,1.30%,26.90%,16.70%,89.2,41.90%,32.60%,41.90%,25.60%,0.72,34.90%,48.80%,16.30%,0.2,0.10%,6.4,29%,50%,50%
442,Tyler Wade,29,SDP,64,0.301,79,0.308,0.019,0.00%,21.90%,12.50%,78.1,20.50%,40.00%,35.00%,15.00%,0.64,45.00%,52.50%,2.50%,0.3,0.20%,1,33%,100%,44%
443,Christian Walker,33,ARI,132,0.363,134,0.324,0.167,3.80%,23.50%,15.20%,90.3,49.40%,24.10%,43.00%,26.60%,0.76,26.60%,59.50%,13.90%,-0.3,-0.20%,1.7,37%,0%,21%
444,Jordan Walker,22,STL,67,0.229,36,0.214,0.103,0.00%,26.90%,9.00%,91.7,40.50%,16.70%,50.00%,28.60%,1,26.20%,52.40%,21.40%,-0.7,-0.40%,-5.3,25%,,0%
445,Forrest Wall,28,ATL,1,0,-127,0,0,0.00%,0.00%,0.00%,96,100.00%,0.00%,100.00%,0.00%,,0.00%,100.00%,0.00%,0,0.00%,-0.4,,,50%
446,Matt Wallner,26,MIN,33,0.252,56,0.125,0.16,3.00%,51.50%,9.10%,86.1,33.30%,22.20%,33.30%,22.20%,0.5,66.70%,22.20%,11.10%,-0.1,0.00%,0.2,0%,,0%
447,Jared Walsh,30,TEX,60,0.291,82,0.355,0.094,1.70%,35.00%,11.70%,84.2,31.30%,25.00%,31.30%,37.50%,0.45,25.00%,50.00%,25.00%,-0.4,-0.30%,-2.2,44%,,56%
448,Taylor Ward,30,LAA,125,0.368,137,0.298,0.231,5.60%,21.60%,5.60%,91.9,47.80%,33.00%,28.60%,36.30%,0.4,18.70%,50.50%,30.80%,0.2,0.10%,6.5,34%,67%,18%
449,Austin Wells,24,NYY,62,0.263,59,0.195,0.042,0.00%,14.50%,19.40%,84.6,29.30%,26.80%,26.80%,31.70%,0.39,24.40%,43.90%,31.70%,-0.2,-0.20%,-3.3,30%,100%,33%
450,Joey Wendle,34,NYM,25,0.273,63,0.353,0.042,0.00%,28.00%,4.00%,88.6,23.50%,17.60%,47.10%,35.30%,0.89,11.80%,41.20%,47.10%,0.1,0.10%,-0.8,43%,100%,100%
451,Davis Wendzel,27,TEX,15,0.199,15,0.077,0.2,6.70%,6.70%,0.00%,89,35.70%,7.10%,35.70%,42.90%,0.56,21.40%,57.10%,21.40%,-0.3,-0.20%,-2.1,0%,,
452,Jordan Westburg,25,BAL,104,0.394,161,0.338,0.232,4.80%,18.30%,5.80%,91.9,54.50%,29.90%,37.70%,27.30%,0.62,24.70%,63.60%,11.70%,1.4,0.80%,10.8,34%,80%,50%
453,Joey Wiemer,25,MIL,19,0.134,-29,0.182,0,0.00%,36.80%,5.30%,84.8,27.30%,18.20%,27.30%,18.20%,0.38,18.20%,63.60%,18.20%,-0.5,-0.40%,-4.6,67%,,75%
454,Alika Williams,25,PIT,39,0.365,129,0.393,0.143,0.00%,18.00%,5.10%,84.7,33.30%,33.30%,36.70%,16.70%,0.65,26.70%,43.30%,30.00%,-0.1,0.00%,1.4,54%,100%,33%
455,Jesse Winker,30,WSN,114,0.381,142,0.333,0.16,2.60%,20.20%,13.20%,88.7,38.90%,23.60%,52.80%,19.40%,1.12,33.30%,47.20%,19.40%,0.9,0.40%,3.9,29%,100%,25%
456,Masyn Winn,22,STL,88,0.357,122,0.404,0.108,0.00%,21.60%,11.40%,86.2,28.80%,37.30%,33.90%,18.60%,0.56,20.30%,47.50%,32.20%,0.1,0.10%,0.6,30%,80%,33%
457,Patrick Wisdom,32,CHC,11,0.326,100,0.333,0.3,0.00%,36.40%,9.10%,91,66.70%,16.70%,16.70%,66.70%,0.2,0.00%,50.00%,50.00%,0.2,0.10%,1.9,33%,,0%
458,Bobby Witt Jr.,24,KCR,131,0.392,151,0.363,0.231,3.10%,20.60%,6.10%,95,58.90%,21.10%,38.90%,36.80%,0.64,20.00%,60.00%,20.00%,0.2,0.10%,6.7,48%,75%,75%
459,Connor Wong,28,BOS,71,0.396,160,0.375,0.239,7.00%,21.10%,1.40%,84.2,30.80%,22.60%,35.80%,26.40%,0.58,28.30%,49.10%,22.60%,0.5,0.30%,4.4,14%,0%,80%
460,Mike Yastrzemski,33,SFG,62,0.293,84,0.306,0.109,3.20%,27.40%,9.70%,86.3,35.90%,30.80%,38.50%,20.50%,0.65,43.60%,48.70%,7.70%,-0.2,-0.10%,1.7,29%,,33%
461,Christian Yelich,32,MIL,46,0.501,224,0.308,0.41,10.90%,17.40%,13.00%,90.4,51.60%,22.60%,45.20%,29.00%,0.82,45.20%,38.70%,16.10%,0.8,0.50%,6.5,14%,100%,33%
462,Masataka Yoshida,30,BOS,89,0.339,113,0.299,0.113,2.30%,12.40%,6.70%,87.7,36.20%,23.20%,47.80%,21.70%,0.92,37.70%,46.40%,15.90%,0.1,0.00%,2.7,35%,,33%
463,Jacob Young,24,WSN,70,0.395,127,0.389,0.063,0.00%,14.30%,1.40%,78.8,35.70%,26.80%,48.20%,8.90%,1.17,19.60%,58.90%,21.40%,0.3,0.10%,4.3,64%,100%,50%
464,Seby Zavala,30,SEA,21,0.146,-16,0.25,0.048,0.00%,42.90%,0.00%,89.1,33.30%,41.70%,33.30%,25.00%,0.5,58.30%,33.30%,8.30%,-0.3,-0.20%,-3.5,67%,,100%
,LgAvg per 600 PA,,,600,0.319,100,0.289,0.145,2.70%,22.40%,8.80%,88.3,39.30%,23.50%,42.50%,26.10%,0.75,29.80%,51.80%,18.30%,-331,-167%,-2366,31%,78%,42%